Baldur's Gate III,Genre,Role-playing (RPG)
Baldur's Gate III,Perspective,Diagonal-down
Baldur's Gate III,Visual,2D scrolling
Baldur's Gate III,Pacing,Turn-based
Baldur's Gate III,Interface,Multiple units/characters control
Baldur's Gate III,Interface,Point and select
Baldur's Gate III,Setting,Fantasy
Baldur's Gate III,Misc,Licensed
The Legend of Zelda: Tears of the Kingdom,Genre,Action
The Legend of Zelda: Tears of the Kingdom,Perspective,Behind view
The Legend of Zelda: Tears of the Kingdom,Gameplay,Puzzle elements
The Legend of Zelda: Tears of the Kingdom,Gameplay,RPG elements
The Legend of Zelda: Tears of the Kingdom,Gameplay,Sandbox / open world
The Legend of Zelda: Tears of the Kingdom,Interface,Direct control
The Legend of Zelda: Tears of the Kingdom,Setting,Fantasy
Astro Bot,Genre,Action
Astro Bot,Perspective,3rd-person (Other)
Astro Bot,Visual,Cinematic camera
Astro Bot,Gameplay,Platform
Astro Bot,Gameplay,Puzzle elements
Astro Bot,Interface,Direct control
Astro Bot,Setting,Sci-fi / futuristic
Metroid Prime: Remastered,Genre,Action
Metroid Prime: Remastered,Perspective,1st-person
Metroid Prime: Remastered,Gameplay,Metroidvania
Metroid Prime: Remastered,Interface,Direct control
Metroid Prime: Remastered,Setting,Sci-fi / futuristic
Elden Ring,Genre,Role-playing (RPG)
Elden Ring,Perspective,Behind view
Elden Ring,Gameplay,Action RPG
Elden Ring,Gameplay,Hack and slash
Elden Ring,Gameplay,Sandbox / open world
Elden Ring,Interface,Direct control
Elden Ring,Setting,Fantasy
Hades II,Genre,Role-playing (RPG)
Hades II,Perspective,Diagonal-down
Hades II,Visual,Isometric
Hades II,Gameplay,Action RPG
Hades II,Gameplay,Roguelike
Hades II,Interface,Direct control
Hades II,Setting,Classical antiquity
Hades II,Setting,Fantasy
Metaphor: ReFantazio,Genre,Role-playing (RPG)
Metaphor: ReFantazio,Perspective,Behind view
Metaphor: ReFantazio,Art,Anime / Manga
Metaphor: ReFantazio,Pacing,Turn-based
Metaphor: ReFantazio,Gameplay,Japanese-style RPG (JRPG)
Metaphor: ReFantazio,Interface,Direct control
Metaphor: ReFantazio,Setting,Fantasy
Clair Obscur: Expedition 33,Genre,Role-playing (RPG)
Clair Obscur: Expedition 33,Perspective,Behind view
Clair Obscur: Expedition 33,Pacing,Real-time
Clair Obscur: Expedition 33,Pacing,Turn-based
Clair Obscur: Expedition 33,Gameplay,Japanese-style RPG (JRPG)
Clair Obscur: Expedition 33,Interface,Multiple units/characters control
Clair Obscur: Expedition 33,Setting,Fantasy
God of War: Ragnarök,Genre,Action
God of War: Ragnarök,Perspective,Behind view
God of War: Ragnarök,Gameplay,Hack and slash
God of War: Ragnarök,Gameplay,Puzzle elements
God of War: Ragnarök,Gameplay,RPG elements
God of War: Ragnarök,Interface,Direct control
God of War: Ragnarök,Setting,Fantasy
Resident Evil 4,Genre,Action
Resident Evil 4,Perspective,Behind view
Resident Evil 4,Gameplay,Shooter
Resident Evil 4,Gameplay,Survival horror
Resident Evil 4,Interface,Direct control
Resident Evil 4,Setting,Contemporary
Resident Evil 4,Setting,Europe
Resident Evil 4,Setting,Fantasy
Resident Evil 4,Narrative,Horror
Hollow Knight: Silksong,Genre,Action
Hollow Knight: Silksong,Perspective,Side view
Hollow Knight: Silksong,Visual,2D scrolling
Hollow Knight: Silksong,Gameplay,Metroidvania
Hollow Knight: Silksong,Gameplay,Platform
Hollow Knight: Silksong,Interface,Direct control
Hollow Knight: Silksong,Setting,Fantasy
Split Fiction,Genre,Action
Split Fiction,Perspective,Behind view
Split Fiction,Perspective,Side view
Split Fiction,Gameplay,Platform
Split Fiction,Gameplay,Puzzle elements
Split Fiction,Interface,Direct control
Split Fiction,Setting,Fantasy
Split Fiction,Setting,Sci-fi / futuristic
Balatro,Genre,Strategy / tactics
Balatro,Perspective,1st-person
Balatro,Perspective,Top-down
Balatro,Visual,Fixed / flip-screen
Balatro,Pacing,Turn-based
Balatro,Gameplay,Cards / tiles
Balatro,Gameplay,Roguelike
Balatro,Interface,Point and select
Like a Dragon: Infinite Wealth,Genre,Action
Like a Dragon: Infinite Wealth,Genre,Role-playing (RPG)
Like a Dragon: Infinite Wealth,Perspective,Behind view
Like a Dragon: Infinite Wealth,Gameplay,Mini-games
Like a Dragon: Infinite Wealth,Interface,Direct control
Like a Dragon: Infinite Wealth,Setting,Japan (Modern/Futuristic)
Like a Dragon: Infinite Wealth,Setting,North America
Super Mario Bros. Wonder,Genre,Action
Super Mario Bros. Wonder,Perspective,Side view
Super Mario Bros. Wonder,Visual,2D scrolling
Super Mario Bros. Wonder,Gameplay,Platform
Super Mario Bros. Wonder,Interface,Direct control
Super Mario Bros. Wonder,Setting,Fantasy
Street Fighter 6,Genre,Action
Street Fighter 6,Perspective,Behind view
Street Fighter 6,Perspective,Side view
Street Fighter 6,Visual,2D scrolling
Street Fighter 6,Gameplay,Fighting
Street Fighter 6,Interface,Direct control
Street Fighter 6,Setting,Contemporary
Street Fighter 6,Narrative,Martial arts
Final Fantasy VII: Rebirth,Genre,Role-playing (RPG)
Final Fantasy VII: Rebirth,Perspective,3rd-person (Other)
Final Fantasy VII: Rebirth,Visual,Cinematic camera
Final Fantasy VII: Rebirth,Art,Anime / Manga
Final Fantasy VII: Rebirth,Gameplay,Japanese-style RPG (JRPG)
Final Fantasy VII: Rebirth,Interface,Direct control
Final Fantasy VII: Rebirth,Setting,Fantasy
Tsukihime: A piece of blue glass moon,Genre,Adventure
Tsukihime: A piece of blue glass moon,Perspective,1st-person
Tsukihime: A piece of blue glass moon,Visual,Fixed / flip-screen
Tsukihime: A piece of blue glass moon,Art,Anime / Manga
Tsukihime: A piece of blue glass moon,Pacing,Meditative / Zen
Tsukihime: A piece of blue glass moon,Gameplay,Visual novel
Tsukihime: A piece of blue glass moon,Interface,Menu structures
Tsukihime: A piece of blue glass moon,Setting,Contemporary
Tsukihime: A piece of blue glass moon,Setting,Fantasy
Donkey Kong Bananza,Genre,Action
Donkey Kong Bananza,Perspective,Behind view
Donkey Kong Bananza,Gameplay,Platform
Donkey Kong Bananza,Interface,Direct control
Donkey Kong Bananza,Setting,Fantasy
Persona 5: Royal,Genre,Compilation
Persona 5: Royal,Genre,Role-playing (RPG)
Persona 5: Royal,Perspective,Behind view
Persona 5: Royal,Art,Anime / Manga
Persona 5: Royal,Gameplay,Japanese-style RPG (JRPG)
Persona 5: Royal,Interface,Direct control
Persona 5: Royal,Interface,Menu structures
Persona 5: Royal,Setting,Asia
Persona 5: Royal,Setting,Contemporary
Persona 5: Royal,Setting,Fantasy
Animal Well,Genre,Action
Animal Well,Perspective,Side view
Animal Well,Visual,2D scrolling
Animal Well,Gameplay,Metroidvania
Animal Well,Gameplay,Platform
Animal Well,Interface,Direct control
Animal Well,Setting,Fantasy
Blue Prince,Genre,Puzzle
Blue Prince,Perspective,1st-person
Blue Prince,Gameplay,Roguelike
Blue Prince,Interface,Direct control
Blue Prince,Narrative,Detective / mystery
Ghost of Tsushima: Director's Cut,Genre,Action
Ghost of Tsushima: Director's Cut,Perspective,Behind view
Ghost of Tsushima: Director's Cut,Gameplay,RPG elements
Ghost of Tsushima: Director's Cut,Gameplay,Sandbox / open world
Ghost of Tsushima: Director's Cut,Gameplay,Stealth
Ghost of Tsushima: Director's Cut,Interface,Direct control
Ghost of Tsushima: Director's Cut,Setting,Japan (Ancient/Classical/Medieval)
Ghost of Tsushima: Director's Cut,Narrative,War
Psychonauts 2,Genre,Action
Psychonauts 2,Perspective,3rd-person (Other)
Psychonauts 2,Perspective,Behind view
Psychonauts 2,Gameplay,Platform
Psychonauts 2,Gameplay,Puzzle elements
Psychonauts 2,Interface,Direct control
Psychonauts 2,Setting,Sci-fi / futuristic
Kingdom Come: Deliverance II,Genre,Role-playing (RPG)
Kingdom Come: Deliverance II,Perspective,1st-person
Kingdom Come: Deliverance II,Gameplay,Action RPG
Kingdom Come: Deliverance II,Gameplay,Sandbox / open world
Kingdom Come: Deliverance II,Interface,Direct control
Kingdom Come: Deliverance II,Setting,Europe
Kingdom Come: Deliverance II,Setting,Medieval
Tekken 8,Genre,Action
Tekken 8,Perspective,Side view
Tekken 8,Visual,2D scrolling
Tekken 8,Art,Anime / Manga
Tekken 8,Gameplay,Fighting
Tekken 8,Interface,Direct control
Half-Life: Alyx,Genre,Action
Half-Life: Alyx,Perspective,1st-person
Half-Life: Alyx,Gameplay,Puzzle elements
Half-Life: Alyx,Gameplay,Shooter
Half-Life: Alyx,Interface,Direct control
Half-Life: Alyx,Interface,Motion control
Half-Life: Alyx,Setting,Post-apocalyptic
Half-Life: Alyx,Setting,Sci-fi / futuristic
Half-Life: Alyx,Narrative,Horror
It Takes Two,Genre,Action
It Takes Two,Perspective,Behind view
It Takes Two,Perspective,Side view
It Takes Two,Gameplay,Mini-games
It Takes Two,Gameplay,Platform
It Takes Two,Gameplay,Puzzle elements
It Takes Two,Interface,Direct control
It Takes Two,Setting,Contemporary
It Takes Two,Setting,Fantasy
It Takes Two,Narrative,Romance
Final Fantasy VII: Remake,Genre,Role-playing (RPG)
Final Fantasy VII: Remake,Perspective,3rd-person (Other)
Final Fantasy VII: Remake,Visual,Cinematic camera
Final Fantasy VII: Remake,Art,Anime / Manga
Final Fantasy VII: Remake,Gameplay,Japanese-style RPG (JRPG)
Final Fantasy VII: Remake,Interface,Direct control
Final Fantasy VII: Remake,Setting,Fantasy
Monster Hunter: Wilds,Genre,Role-playing (RPG)
Monster Hunter: Wilds,Perspective,Behind view
Monster Hunter: Wilds,Gameplay,Action RPG
Monster Hunter: Wilds,Interface,Direct control
Monster Hunter: Wilds,Setting,Fantasy
The Last of Us: Part II,Genre,Action
The Last of Us: Part II,Perspective,Behind view
The Last of Us: Part II,Gameplay,Quick Time Events (QTEs)
The Last of Us: Part II,Gameplay,RPG elements
The Last of Us: Part II,Gameplay,Stealth
The Last of Us: Part II,Interface,Direct control
The Last of Us: Part II,Setting,Fantasy
The Last of Us: Part II,Setting,North America
The Last of Us: Part II,Setting,Post-apocalyptic
The Last of Us: Part II,Narrative,Horror
The Last of Us: Part II,Narrative,Thriller
The Last of Us: Part II,Misc,Regional differences
Xenoblade Chronicles 3,Genre,Role-playing (RPG)
Xenoblade Chronicles 3,Perspective,3rd-person (Other)
Xenoblade Chronicles 3,Art,Anime / Manga
Xenoblade Chronicles 3,Pacing,Real-time
Xenoblade Chronicles 3,Gameplay,Action RPG
Xenoblade Chronicles 3,Gameplay,Japanese-style RPG (JRPG)
Xenoblade Chronicles 3,Gameplay,Sandbox / open world
Xenoblade Chronicles 3,Setting,Fantasy
Metroid Dread,Genre,Action
Metroid Dread,Perspective,Side view
Metroid Dread,Visual,2D scrolling
Metroid Dread,Gameplay,Metroidvania
Metroid Dread,Gameplay,Platform
Metroid Dread,Gameplay,Shooter
Metroid Dread,Interface,Direct control
Metroid Dread,Setting,Sci-fi / futuristic
Microsoft Flight Simulator,Genre,Simulation
Microsoft Flight Simulator,Perspective,1st-person
Microsoft Flight Simulator,Perspective,3rd-person (Other)
Microsoft Flight Simulator,Interface,Direct control
Microsoft Flight Simulator,Vehicular,Flight / aviation
Microsoft Flight Simulator,Vehicular,Vehicle simulator
Ori and the Will of the Wisps,Genre,Action
Ori and the Will of the Wisps,Perspective,Side view
Ori and the Will of the Wisps,Visual,2D scrolling
Ori and the Will of the Wisps,Gameplay,Metroidvania
Ori and the Will of the Wisps,Gameplay,Platform
Ori and the Will of the Wisps,Gameplay,Puzzle elements
Ori and the Will of the Wisps,Interface,Direct control
Ori and the Will of the Wisps,Setting,Fantasy
Castlevania: Dominus Collection,Genre,Action
Castlevania: Dominus Collection,Genre,Compilation
Castlevania: Dominus Collection,Genre,Role-playing (RPG)
Castlevania: Dominus Collection,Perspective,Side view
Castlevania: Dominus Collection,Visual,2D scrolling
Castlevania: Dominus Collection,Gameplay,Metroidvania
Castlevania: Dominus Collection,Gameplay,Platform
Castlevania: Dominus Collection,Setting,Europe
Castlevania: Dominus Collection,Setting,Fantasy
Castlevania: Dominus Collection,Narrative,Horror
Forza Horizon 5,Genre,Racing / Driving
Forza Horizon 5,Perspective,1st-person
Forza Horizon 5,Perspective,Behind view
Forza Horizon 5,Interface,Direct control
Forza Horizon 5,Vehicular,Automobile
Forza Horizon 5,Vehicular,Off-roading
Forza Horizon 5,Vehicular,Street racing
Forza Horizon 5,Setting,Contemporary
Forza Horizon 5,Setting,North America
The Last of Us: Part I,Genre,Action
The Last of Us: Part I,Perspective,Behind view
The Last of Us: Part I,Gameplay,Quick Time Events (QTEs)
The Last of Us: Part I,Gameplay,RPG elements
The Last of Us: Part I,Gameplay,Stealth
The Last of Us: Part I,Interface,Direct control
The Last of Us: Part I,Setting,Fantasy
The Last of Us: Part I,Setting,North America
The Last of Us: Part I,Setting,Post-apocalyptic
The Last of Us: Part I,Narrative,Horror
The Last of Us: Part I,Narrative,Thriller
The Last of Us: Part I,Misc,Regional differences
Death Stranding 2: On the Beach,Genre,Action
Death Stranding 2: On the Beach,Perspective,Behind view
Death Stranding 2: On the Beach,Gameplay,RPG elements
Death Stranding 2: On the Beach,Gameplay,Stealth
Death Stranding 2: On the Beach,Interface,Direct control
Death Stranding 2: On the Beach,Setting,North America
Death Stranding 2: On the Beach,Setting,Oceania
Death Stranding 2: On the Beach,Setting,Post-apocalyptic
Slay the Princess,Genre,Adventure
Slay the Princess,Perspective,1st-person
Slay the Princess,Visual,Fixed / flip-screen
Slay the Princess,Gameplay,RPG elements
Slay the Princess,Gameplay,Visual novel
Slay the Princess,Interface,Menu structures
Slay the Princess,Setting,Fantasy
Slay the Princess,Narrative,Horror
Hi-Fi Rush,Genre,Action
Hi-Fi Rush,Perspective,Behind view
Hi-Fi Rush,Gameplay,Music / rhythm
Hi-Fi Rush,Interface,Direct control
Hi-Fi Rush,Setting,Fantasy
Chained Echoes,Genre,Role-playing (RPG)
Chained Echoes,Perspective,Diagonal-down
Chained Echoes,Visual,2D scrolling
Chained Echoes,Pacing,Turn-based
Chained Echoes,Gameplay,Japanese-style RPG (JRPG)
Chained Echoes,Interface,Direct control
Chained Echoes,Setting,Fantasy
Paper Mario: The Thousand-Year Door,Genre,Role-playing (RPG)
Paper Mario: The Thousand-Year Door,Perspective,Behind view
Paper Mario: The Thousand-Year Door,Perspective,Side view
Paper Mario: The Thousand-Year Door,Pacing,Turn-based
Paper Mario: The Thousand-Year Door,Gameplay,Japanese-style RPG (JRPG)
Paper Mario: The Thousand-Year Door,Interface,Direct control
Paper Mario: The Thousand-Year Door,Setting,Fantasy
Marvel Spider-Man 2,Genre,Action
Marvel Spider-Man 2,Perspective,Behind view
Marvel Spider-Man 2,Visual,2D scrolling
Marvel Spider-Man 2,Gameplay,Sandbox / open world
Marvel Spider-Man 2,Interface,Direct control
Marvel Spider-Man 2,Setting,Fantasy
Marvel Spider-Man 2,Setting,North America
Marvel Spider-Man 2,Misc,Licensed
Dave the Diver,Genre,Action
Dave the Diver,Genre,Simulation
Dave the Diver,Perspective,Side view
Dave the Diver,Visual,2D scrolling
Dave the Diver,Gameplay,Managerial / business simulation
Dave the Diver,Interface,Direct control
Dave the Diver,Interface,Menu structures
Shin Megami Tensei V: Vengeance,Genre,Role-playing (RPG)
Shin Megami Tensei V: Vengeance,Perspective,3rd-person (Other)
Shin Megami Tensei V: Vengeance,Perspective,Behind view
Shin Megami Tensei V: Vengeance,Art,Anime / Manga
Shin Megami Tensei V: Vengeance,Pacing,Turn-based
Shin Megami Tensei V: Vengeance,Interface,Direct control
Shin Megami Tensei V: Vengeance,Setting,Fantasy
Shin Megami Tensei V: Vengeance,Setting,Japan (Modern/Futuristic)
Shin Megami Tensei V: Vengeance,Setting,Post-apocalyptic
Uncharted: Digital Bundle,Genre,Action
Uncharted: Digital Bundle,Genre,Compilation
Uncharted: Digital Bundle,Perspective,Behind view
Uncharted: Digital Bundle,Gameplay,Puzzle elements
Uncharted: Digital Bundle,Gameplay,Shooter
Uncharted: Digital Bundle,Gameplay,Stealth
Uncharted: Digital Bundle,Interface,Direct control
Uncharted: Digital Bundle,Vehicular,Automobile
UFO 50,Genre,Action
UFO 50,Genre,Adventure
UFO 50,Genre,Compilation
UFO 50,Genre,Puzzle
UFO 50,Genre,Role-playing (RPG)
UFO 50,Genre,Sports
UFO 50,Perspective,1st-person
UFO 50,Perspective,Behind view
UFO 50,Perspective,Diagonal-down
UFO 50,Perspective,Side view
UFO 50,Perspective,Top-down
UFO 50,Visual,2D scrolling
UFO 50,Visual,Fixed / flip-screen
UFO 50,Art,Anime / Manga
UFO 50,Gameplay,Arcade
UFO 50,Gameplay,Platform
UFO 50,Gameplay,Roguelike
UFO 50,Gameplay,Shooter
UFO 50,Interface,Direct control
Demon's Souls,Genre,Role-playing (RPG)
Demon's Souls,Perspective,Behind view
Demon's Souls,Gameplay,Action RPG
Demon's Souls,Gameplay,Hack and slash
Demon's Souls,Interface,Direct control
Demon's Souls,Setting,Fantasy
Shinobi: Art of Vengeance,Genre,Action
Shinobi: Art of Vengeance,Perspective,Side view
Shinobi: Art of Vengeance,Visual,2D scrolling
Shinobi: Art of Vengeance,Gameplay,Platform
Shinobi: Art of Vengeance,Interface,Direct control
Shinobi: Art of Vengeance,Narrative,Martial arts
Absolum,Genre,Action
Absolum,Perspective,Side view
Absolum,Visual,2D scrolling
Absolum,Gameplay,Beat 'em up / brawler
Absolum,Gameplay,RPG elements
Absolum,Gameplay,Roguelike
Absolum,Interface,Direct control
Absolum,Setting,Fantasy
Dead Space,Genre,Action
Dead Space,Perspective,Behind view
Dead Space,Gameplay,Puzzle elements
Dead Space,Gameplay,Quick Time Events (QTEs)
Dead Space,Gameplay,Shooter
Dead Space,Gameplay,Survival horror
Dead Space,Interface,Direct control
Dead Space,Setting,Cyberpunk / dark sci-fi
Dead Space,Narrative,Horror
Alan Wake II,Genre,Action
Alan Wake II,Perspective,Behind view
Alan Wake II,Gameplay,Puzzle elements
Alan Wake II,Gameplay,Survival horror
Alan Wake II,Interface,Direct control
Alan Wake II,Setting,Contemporary
Alan Wake II,Setting,Fantasy
Alan Wake II,Setting,North America
Alan Wake II,Narrative,Detective / mystery
Alan Wake II,Narrative,Horror
Sea of Stars,Genre,Role-playing (RPG)
Sea of Stars,Perspective,Top-down
Sea of Stars,Visual,2D scrolling
Sea of Stars,Pacing,Turn-based
Sea of Stars,Gameplay,Japanese-style RPG (JRPG)
Sea of Stars,Interface,Direct control
Sea of Stars,Setting,Fantasy
Persona 3: Reload,Genre,Role-playing (RPG)
Persona 3: Reload,Perspective,3rd-person (Other)
Persona 3: Reload,Art,Anime / Manga
Persona 3: Reload,Pacing,Turn-based
Persona 3: Reload,Interface,Menu structures
Persona 3: Reload,Setting,Fantasy
Death Stranding: Director's Cut,Genre,Action
Death Stranding: Director's Cut,Perspective,1st-person
Death Stranding: Director's Cut,Perspective,Behind view
Death Stranding: Director's Cut,Gameplay,Sandbox / open world
Death Stranding: Director's Cut,Interface,Direct control
Death Stranding: Director's Cut,Setting,North America
Death Stranding: Director's Cut,Setting,Post-apocalyptic
Death Stranding: Director's Cut,Setting,Sci-fi / futuristic
Death Stranding: Director's Cut,Narrative,Horror
Death Stranding: Director's Cut,Narrative,Survival
Death Stranding: Director's Cut,Narrative,Thriller
Death Stranding: Director's Cut,Add-on,Player unit
Unicorn Overlord,Genre,Role-playing (RPG)
Unicorn Overlord,Perspective,Diagonal-down
Unicorn Overlord,Visual,2D scrolling
Unicorn Overlord,Gameplay,Tactical RPG
Unicorn Overlord,Interface,Direct control
Unicorn Overlord,Interface,Menu structures
Unicorn Overlord,Setting,Fantasy
Super Mario 3D World + Bowser’s Fury,Genre,Action
Super Mario 3D World + Bowser’s Fury,Perspective,3rd-person (Other)
Super Mario 3D World + Bowser’s Fury,Gameplay,Platform
Super Mario 3D World + Bowser’s Fury,Interface,Direct control
The Last of Us: Part II - Remastered,Genre,Action
The Last of Us: Part II - Remastered,Perspective,Behind view
The Last of Us: Part II - Remastered,Gameplay,Quick Time Events (QTEs)
The Last of Us: Part II - Remastered,Gameplay,Shooter
The Last of Us: Part II - Remastered,Gameplay,Stealth
The Last of Us: Part II - Remastered,Gameplay,Survival horror
The Last of Us: Part II - Remastered,Interface,Direct control
The Last of Us: Part II - Remastered,Setting,North America
The Last of Us: Part II - Remastered,Setting,Post-apocalyptic
Animal Crossing: New Horizons,Genre,Simulation
Animal Crossing: New Horizons,Perspective,Diagonal-down
Animal Crossing: New Horizons,Gameplay,Life / social simulation
Animal Crossing: New Horizons,Interface,Direct control
Tony Hawk's Pro Skater 1 + 2,Genre,Action
Tony Hawk's Pro Skater 1 + 2,Genre,Sports
Tony Hawk's Pro Skater 1 + 2,Perspective,Behind view
Tony Hawk's Pro Skater 1 + 2,Gameplay,Tricks / stunts
Tony Hawk's Pro Skater 1 + 2,Interface,Direct control
Tony Hawk's Pro Skater 1 + 2,Sport,Skateboarding
Tony Hawk's Pro Skater 1 + 2,Misc,Licensed
Xenoblade Chronicles X: Definitive Edition,Genre,Role-playing (RPG)
Xenoblade Chronicles X: Definitive Edition,Perspective,3rd-person (Other)
Xenoblade Chronicles X: Definitive Edition,Visual,Free camera
Xenoblade Chronicles X: Definitive Edition,Art,Anime / Manga
Xenoblade Chronicles X: Definitive Edition,Pacing,Real-time
Xenoblade Chronicles X: Definitive Edition,Gameplay,Action RPG
Xenoblade Chronicles X: Definitive Edition,Gameplay,Japanese-style RPG (JRPG)
Xenoblade Chronicles X: Definitive Edition,Gameplay,Sandbox / open world
Xenoblade Chronicles X: Definitive Edition,Vehicular,Mecha / giant robot
Xenoblade Chronicles X: Definitive Edition,Setting,Sci-fi / futuristic
Ratchet & Clank: Rift Apart,Genre,Action
Ratchet & Clank: Rift Apart,Perspective,Behind view
Ratchet & Clank: Rift Apart,Gameplay,Platform
Ratchet & Clank: Rift Apart,Gameplay,Puzzle elements
Ratchet & Clank: Rift Apart,Gameplay,Shooter
Ratchet & Clank: Rift Apart,Interface,Direct control
Ratchet & Clank: Rift Apart,Setting,Sci-fi / futuristic
The Talos Principle II,Genre,Action
The Talos Principle II,Genre,Puzzle
The Talos Principle II,Perspective,1st-person
The Talos Principle II,Interface,Direct control
The Talos Principle II,Setting,Post-apocalyptic
The Talos Principle II,Setting,Sci-fi / futuristic
Hades,Genre,Special edition
Hades,Special Edition,Digital extras
Hades,Special Edition,Physical extras
Lorelei and the Laser Eyes,Genre,Adventure
Lorelei and the Laser Eyes,Genre,Puzzle
Lorelei and the Laser Eyes,Perspective,1st-person
Lorelei and the Laser Eyes,Perspective,3rd-person (Other)
Lorelei and the Laser Eyes,Interface,Direct control
Lorelei and the Laser Eyes,Interface,Point and select
Lorelei and the Laser Eyes,Setting,Europe
Lorelei and the Laser Eyes,Narrative,Detective / mystery
Prince of Persia: The Lost Crown,Genre,Action
Prince of Persia: The Lost Crown,Perspective,Side view
Prince of Persia: The Lost Crown,Visual,2D scrolling
Prince of Persia: The Lost Crown,Gameplay,Metroidvania
Prince of Persia: The Lost Crown,Gameplay,Platform
Prince of Persia: The Lost Crown,Interface,Direct control
Prince of Persia: The Lost Crown,Setting,Fantasy
Prince of Persia: The Lost Crown,Setting,Middle East
Doom Eternal,Genre,Action
Doom Eternal,Perspective,1st-person
Doom Eternal,Gameplay,Shooter
Doom Eternal,Interface,Direct control
Doom Eternal,Setting,Sci-fi / futuristic
Doom Eternal,Narrative,Horror
Pentiment,Genre,Adventure
Pentiment,Perspective,3rd-person (Other)
Pentiment,Gameplay,Graphic adventure
Pentiment,Interface,Point and select
Pentiment,Setting,Europe
Pentiment,Setting,Medieval
Pentiment,Narrative,Detective / mystery
Silent Hill 2,Genre,Action
Silent Hill 2,Perspective,3rd-person (Other)
Silent Hill 2,Visual,Cinematic camera
Silent Hill 2,Gameplay,Puzzle elements
Silent Hill 2,Gameplay,Survival horror
Silent Hill 2,Interface,Direct control
Silent Hill 2,Setting,Fantasy
Silent Hill 2,Narrative,Detective / mystery
Silent Hill 2,Narrative,Horror
Cyberpunk 2077 & Phantom Liberty Bundle,Genre,Compilation
Cyberpunk 2077 & Phantom Liberty Bundle,Genre,Role-playing (RPG)
Cyberpunk 2077 & Phantom Liberty Bundle,Perspective,1st-person
Cyberpunk 2077 & Phantom Liberty Bundle,Gameplay,Action RPG
Cyberpunk 2077 & Phantom Liberty Bundle,Gameplay,Shooter
Cyberpunk 2077 & Phantom Liberty Bundle,Gameplay,Stealth
Cyberpunk 2077 & Phantom Liberty Bundle,Interface,Direct control
Cyberpunk 2077 & Phantom Liberty Bundle,Vehicular,Automobile
Cyberpunk 2077 & Phantom Liberty Bundle,Vehicular,Motorcycle
Cyberpunk 2077 & Phantom Liberty Bundle,Setting,Alternate history
Cyberpunk 2077 & Phantom Liberty Bundle,Setting,Cyberpunk / dark sci-fi
Cyberpunk 2077 & Phantom Liberty Bundle,Misc,Licensed
Theatrhythm: Final Bar Line,Genre,Action
Theatrhythm: Final Bar Line,Perspective,Side view
Theatrhythm: Final Bar Line,Visual,2D scrolling
Theatrhythm: Final Bar Line,Art,Anime / Manga
Theatrhythm: Final Bar Line,Gameplay,Music / rhythm
Theatrhythm: Final Bar Line,Interface,Direct control
Theatrhythm: Final Bar Line,Setting,Fantasy
Theatrhythm: Final Bar Line,Setting,Sci-fi / futuristic
Dwarf Fortress,Genre,Role-playing (RPG)
Dwarf Fortress,Genre,Simulation
Dwarf Fortress,Genre,Strategy / tactics
Dwarf Fortress,Perspective,Top-down
Dwarf Fortress,Gameplay,City building / construction simulation
Dwarf Fortress,Gameplay,Managerial / business simulation
Dwarf Fortress,Interface,Point and select
Dwarf Fortress,Setting,Fantasy
Ghost of Yōtei,Genre,Action
Ghost of Yōtei,Perspective,Behind view
Ghost of Yōtei,Gameplay,RPG elements
Ghost of Yōtei,Gameplay,Sandbox / open world
Ghost of Yōtei,Gameplay,Stealth
Ghost of Yōtei,Interface,Direct control
Ghost of Yōtei,Setting,Japan (Ancient/Classical/Medieval)
Ghost of Yōtei,Narrative,War
Atari 50: The Anniversary Celebration,Genre,Action
Atari 50: The Anniversary Celebration,Genre,Compilation
Atari 50: The Anniversary Celebration,Genre,Educational
Atari 50: The Anniversary Celebration,Gameplay,Arcade
Atari 50: The Anniversary Celebration,Interface,Direct control
Atari 50: The Anniversary Celebration,Interface,Point and select
Atari 50: The Anniversary Celebration,Educational,History
Ender Magnolia: Bloom in the Mist,Genre,Role-playing (RPG)
Ender Magnolia: Bloom in the Mist,Perspective,Side view
Ender Magnolia: Bloom in the Mist,Visual,2D scrolling
Ender Magnolia: Bloom in the Mist,Art,Anime / Manga
Ender Magnolia: Bloom in the Mist,Gameplay,Action RPG
Ender Magnolia: Bloom in the Mist,Interface,Direct control
Ender Magnolia: Bloom in the Mist,Setting,Fantasy
Ender Magnolia: Bloom in the Mist,Setting,Post-apocalyptic
Horizon II: Forbidden West,Genre,Role-playing (RPG)
Horizon II: Forbidden West,Perspective,Behind view
Horizon II: Forbidden West,Gameplay,Action RPG
Horizon II: Forbidden West,Interface,Direct control
Horizon II: Forbidden West,Setting,Fantasy
Horizon II: Forbidden West,Setting,North America
Horizon II: Forbidden West,Setting,Post-apocalyptic
Indiana Jones and the Great Circle,Genre,Action
Indiana Jones and the Great Circle,Perspective,1st-person
Indiana Jones and the Great Circle,Gameplay,Puzzle elements
Indiana Jones and the Great Circle,Gameplay,Stealth
Indiana Jones and the Great Circle,Interface,Direct control
Indiana Jones and the Great Circle,Setting,Africa
Indiana Jones and the Great Circle,Setting,Asia
Indiana Jones and the Great Circle,Setting,Europe
Indiana Jones and the Great Circle,Setting,Interwar
Indiana Jones and the Great Circle,Setting,Middle East
Indiana Jones and the Great Circle,Setting,North America
Indiana Jones and the Great Circle,Setting,South America
Indiana Jones and the Great Circle,Misc,Licensed
Citizen Sleeper 2: Starward Vector,Genre,Role-playing (RPG)
Citizen Sleeper 2: Starward Vector,Perspective,Diagonal-down
Citizen Sleeper 2: Starward Vector,Visual,2D scrolling
Citizen Sleeper 2: Starward Vector,Interface,Menu structures
Citizen Sleeper 2: Starward Vector,Interface,Point and select
Citizen Sleeper 2: Starward Vector,Setting,Cyberpunk / dark sci-fi
Mario + Rabbids: Sparks of Hope,Genre,Role-playing (RPG)
Mario + Rabbids: Sparks of Hope,Perspective,Diagonal-down
Mario + Rabbids: Sparks of Hope,Visual,Free camera
Mario + Rabbids: Sparks of Hope,Pacing,Turn-based
Mario + Rabbids: Sparks of Hope,Gameplay,Tactical RPG
Mario + Rabbids: Sparks of Hope,Interface,Point and select
Mario + Rabbids: Sparks of Hope,Setting,Fantasy
Inscryption,Genre,Puzzle
Inscryption,Genre,Strategy / tactics
Inscryption,Perspective,1st-person
Inscryption,Pacing,Turn-based
Inscryption,Gameplay,Board game
Inscryption,Gameplay,Cards / tiles
Inscryption,Gameplay,Trading / collectible card
Inscryption,Gameplay,Turn-based strategy (TBS)
Inscryption,Interface,Direct control
Inscryption,Interface,Point and select
Inscryption,Setting,Fantasy
Inscryption,Narrative,Horror
1000xRESIST,Genre,Adventure
1000xRESIST,Perspective,3rd-person (Other)
1000xRESIST,Art,Anime / Manga
1000xRESIST,Pacing,Real-time
1000xRESIST,Interface,Direct control
1000xRESIST,Setting,Post-apocalyptic
1000xRESIST,Setting,Sci-fi / futuristic
Returnal,Genre,Action
Returnal,Perspective,Behind view
Returnal,Gameplay,Roguelike
Returnal,Gameplay,Shooter
Returnal,Interface,Direct control
Returnal,Setting,Sci-fi / futuristic
Returnal,Narrative,Horror
Kirby and the Forgotten Land,Genre,Action
Kirby and the Forgotten Land,Perspective,3rd-person (Other)
Kirby and the Forgotten Land,Perspective,Diagonal-down
Kirby and the Forgotten Land,Gameplay,Platform
Kirby and the Forgotten Land,Interface,Direct control
Kirby and the Forgotten Land,Setting,Fantasy
Cocoon,Genre,Puzzle
Cocoon,Perspective,Diagonal-down
Cocoon,Visual,2D scrolling
Cocoon,Gameplay,Platform
Cocoon,Interface,Direct control
Cocoon,Setting,Fantasy
Ghost of Tsushima,Genre,Action
Ghost of Tsushima,Perspective,Behind view
Ghost of Tsushima,Gameplay,RPG elements
Ghost of Tsushima,Gameplay,Sandbox / open world
Ghost of Tsushima,Gameplay,Stealth
Ghost of Tsushima,Interface,Direct control
Ghost of Tsushima,Setting,Japan (Ancient/Classical/Medieval)
Ghost of Tsushima,Narrative,War
Pipistrello and the Cursed Yoyo,Genre,Action
Pipistrello and the Cursed Yoyo,Perspective,Diagonal-down
Pipistrello and the Cursed Yoyo,Visual,2D scrolling
Pipistrello and the Cursed Yoyo,Gameplay,Metroidvania
Pipistrello and the Cursed Yoyo,Interface,Direct control
Neva,Genre,Action
Neva,Genre,Puzzle
Neva,Perspective,Side view
Neva,Visual,2D scrolling
Neva,Gameplay,Platform
Neva,Interface,Direct control
Huntdown,Genre,Action
Huntdown,Perspective,Side view
Huntdown,Visual,2D scrolling
Huntdown,Gameplay,Platform
Huntdown,Gameplay,Shooter
Huntdown,Interface,Direct control
Huntdown,Setting,Cyberpunk / dark sci-fi
Final Fantasy VI,Genre,Role-playing (RPG)
Final Fantasy VI,Perspective,Diagonal-down
Final Fantasy VI,Art,Anime / Manga
Final Fantasy VI,Pacing,Turn-based
Final Fantasy VI,Gameplay,Japanese-style RPG (JRPG)
Final Fantasy VI,Setting,Fantasy
Total War: Warhammer III,Genre,Strategy / tactics
Total War: Warhammer III,Perspective,Diagonal-down
Total War: Warhammer III,Visual,Free camera
Total War: Warhammer III,Pacing,Real-time
Total War: Warhammer III,Pacing,Turn-based
Total War: Warhammer III,Gameplay,Real-time tactics (RTT)
Total War: Warhammer III,Gameplay,Turn-based strategy (TBS)
Total War: Warhammer III,Interface,Multiple units/characters control
Total War: Warhammer III,Interface,Point and select
Total War: Warhammer III,Setting,Fantasy
Total War: Warhammer III,Misc,Licensed
Xenoblade Chronicles: Definitive Edition,Genre,Role-playing (RPG)
Xenoblade Chronicles: Definitive Edition,Perspective,3rd-person (Other)
Xenoblade Chronicles: Definitive Edition,Visual,Free camera
Xenoblade Chronicles: Definitive Edition,Art,Anime / Manga
Xenoblade Chronicles: Definitive Edition,Pacing,Real-time
Xenoblade Chronicles: Definitive Edition,Gameplay,Action RPG
Xenoblade Chronicles: Definitive Edition,Gameplay,Japanese-style RPG (JRPG)
Xenoblade Chronicles: Definitive Edition,Gameplay,Sandbox / open world
Xenoblade Chronicles: Definitive Edition,Interface,Direct control
Xenoblade Chronicles: Definitive Edition,Setting,Fantasy
The Talos Principle: Reawakened,Genre,Action
The Talos Principle: Reawakened,Genre,Puzzle
The Talos Principle: Reawakened,Perspective,1st-person
The Talos Principle: Reawakened,Perspective,Behind view
The Talos Principle: Reawakened,Interface,Direct control
The Talos Principle: Reawakened,Setting,Post-apocalyptic
The Talos Principle: Reawakened,Setting,Sci-fi / futuristic
Neon White,Genre,Action
Neon White,Perspective,1st-person
Neon White,Gameplay,Platform
Neon White,Gameplay,Shooter
Neon White,Interface,Direct control
Neon White,Setting,Fantasy
Mullet MadJack,Genre,Action
Mullet MadJack,Perspective,1st-person
Mullet MadJack,Gameplay,Shooter
Mullet MadJack,Interface,Direct control
Mullet MadJack,Setting,Cyberpunk / dark sci-fi
Frostpunk 2,Genre,Strategy / tactics
Frostpunk 2,Perspective,Diagonal-down
Frostpunk 2,Visual,Free camera
Frostpunk 2,Pacing,Real-time
Frostpunk 2,Gameplay,City building / construction simulation
Frostpunk 2,Interface,Point and select
Frostpunk 2,Setting,Post-apocalyptic
Frostpunk 2,Setting,Steampunk
Frostpunk 2,Narrative,Survival
Quake,Genre,Action
Quake,Genre,Compilation
Quake,Perspective,1st-person
Quake,Gameplay,Shooter
Quake,Interface,Direct control
Quake,Setting,Fantasy
Star Ocean: The Second Story R,Genre,Role-playing (RPG)
Star Ocean: The Second Story R,Perspective,Diagonal-down
Star Ocean: The Second Story R,Visual,2D scrolling
Star Ocean: The Second Story R,Art,Anime / Manga
Star Ocean: The Second Story R,Gameplay,Japanese-style RPG (JRPG)
Star Ocean: The Second Story R,Interface,Direct control
Star Ocean: The Second Story R,Setting,Fantasy
Mass Effect: Legendary Edition,Genre,Role-playing (RPG)
Mass Effect: Legendary Edition,Perspective,Behind view
Mass Effect: Legendary Edition,Visual,Cinematic camera
Mass Effect: Legendary Edition,Gameplay,Action RPG
Mass Effect: Legendary Edition,Interface,Direct control
Mass Effect: Legendary Edition,Setting,Sci-fi / futuristic
AI: The Somnium Files - nirvanA Initiative,Genre,Adventure
AI: The Somnium Files - nirvanA Initiative,Perspective,3rd-person (Other)
AI: The Somnium Files - nirvanA Initiative,Art,Anime / Manga
AI: The Somnium Files - nirvanA Initiative,Gameplay,Japanese-style adventure
AI: The Somnium Files - nirvanA Initiative,Gameplay,Puzzle elements
AI: The Somnium Files - nirvanA Initiative,Gameplay,Quick Time Events (QTEs)
AI: The Somnium Files - nirvanA Initiative,Interface,Menu structures
AI: The Somnium Files - nirvanA Initiative,Setting,Japan (Modern/Futuristic)
AI: The Somnium Files - nirvanA Initiative,Setting,Sci-fi / futuristic
AI: The Somnium Files - nirvanA Initiative,Narrative,Detective / mystery
AI: The Somnium Files - nirvanA Initiative,Narrative,Thriller
Monster Hunter: Rise,Genre,Role-playing (RPG)
Monster Hunter: Rise,Perspective,Behind view
Monster Hunter: Rise,Gameplay,Action RPG
Monster Hunter: Rise,Interface,Direct control
Monster Hunter: Rise,Setting,Fantasy
Yakuza: Like a Dragon,Genre,Role-playing (RPG)
Yakuza: Like a Dragon,Perspective,1st-person
Yakuza: Like a Dragon,Perspective,3rd-person (Other)
Yakuza: Like a Dragon,Pacing,Turn-based
Yakuza: Like a Dragon,Gameplay,Mini-games
Yakuza: Like a Dragon,Gameplay,Quick Time Events (QTEs)
Yakuza: Like a Dragon,Interface,Direct control
Yakuza: Like a Dragon,Interface,Multiple units/characters control
Yakuza: Like a Dragon,Setting,Japan (Modern/Futuristic)
Yakuza: Like a Dragon,Narrative,Crime
Gran Turismo 7,Genre,Racing / Driving
Gran Turismo 7,Genre,Simulation
Gran Turismo 7,Perspective,1st-person
Gran Turismo 7,Perspective,Behind view
Gran Turismo 7,Interface,Direct control
Gran Turismo 7,Vehicular,Automobile
Gran Turismo 7,Vehicular,Track racing
Gran Turismo 7,Vehicular,Vehicle simulator
Hitman III,Genre,Action
Hitman III,Perspective,Behind view
Hitman III,Gameplay,Puzzle elements
Hitman III,Gameplay,Shooter
Hitman III,Gameplay,Stealth
Hitman III,Interface,Direct control
Hitman III,Setting,Asia
Hitman III,Setting,Contemporary
Hitman III,Setting,Europe
Hitman III,Setting,Middle East
Hitman III,Setting,South America
Hitman III,Narrative,Crime
Hitman III,Narrative,Spy / espionage
Doom: The Dark Ages,Genre,Action
Doom: The Dark Ages,Perspective,1st-person
Doom: The Dark Ages,Perspective,Behind view
Doom: The Dark Ages,Gameplay,Shooter
Doom: The Dark Ages,Interface,Direct control
Doom: The Dark Ages,Setting,Fantasy
Doom: The Dark Ages,Setting,Medieval
Doom: The Dark Ages,Setting,Sci-fi / futuristic
Doom: The Dark Ages,Narrative,Horror
Doom: The Dark Ages,Narrative,War
Tactics Ogre: Reborn,Genre,Role-playing (RPG)
Tactics Ogre: Reborn,Genre,Strategy / tactics
Tactics Ogre: Reborn,Perspective,Diagonal-down
Tactics Ogre: Reborn,Pacing,Turn-based
Tactics Ogre: Reborn,Gameplay,Tactical RPG
Tactics Ogre: Reborn,Interface,Point and select
Tactics Ogre: Reborn,Setting,Fantasy
Jack Jeanne,Genre,Simulation
Jack Jeanne,Art,Anime / Manga
Jack Jeanne,Gameplay,Music / rhythm
Jack Jeanne,Gameplay,Visual novel
Jack Jeanne,Interface,Point and select
Jack Jeanne,Setting,Japan (Modern/Futuristic)
Jack Jeanne,Misc,Licensed
Thank Goodness You're Here!,Genre,Adventure
Thank Goodness You're Here!,Perspective,3rd-person (Other)
Thank Goodness You're Here!,Visual,2D scrolling
Thank Goodness You're Here!,Interface,Direct control
Thank Goodness You're Here!,Narrative,Comedy
Pizza Tower,Genre,Action
Pizza Tower,Perspective,Side view
Pizza Tower,Visual,2D scrolling
Pizza Tower,Gameplay,Platform
Pizza Tower,Interface,Direct control
Pizza Tower,Setting,Fantasy
Ghost Trick: Phantom Detective,Genre,Adventure
Ghost Trick: Phantom Detective,Perspective,Side view
Ghost Trick: Phantom Detective,Gameplay,Puzzle elements
Ghost Trick: Phantom Detective,Setting,Fantasy
Ghost Trick: Phantom Detective,Narrative,Detective / mystery
Streets of Rage 4,Genre,Action
Streets of Rage 4,Perspective,Side view
Streets of Rage 4,Visual,2D scrolling
Streets of Rage 4,Art,Anime / Manga
Streets of Rage 4,Gameplay,Beat 'em up / brawler
Streets of Rage 4,Interface,Direct control
Streets of Rage 4,Misc,Licensed
PlayStation 5 (included game),Genre,Action
PlayStation 5 (included game),Perspective,3rd-person (Other)
PlayStation 5 (included game),Visual,Cinematic camera
PlayStation 5 (included game),Gameplay,Platform
PlayStation 5 (included game),Interface,Direct control
PlayStation 5 (included game),Setting,Sci-fi / futuristic
Shin Megami Tensei V,Genre,Role-playing (RPG)
Shin Megami Tensei V,Perspective,3rd-person (Other)
Shin Megami Tensei V,Perspective,Behind view
Shin Megami Tensei V,Art,Anime / Manga
Shin Megami Tensei V,Pacing,Turn-based
Shin Megami Tensei V,Interface,Direct control
Shin Megami Tensei V,Setting,Fantasy
Shin Megami Tensei V,Setting,Japan (Modern/Futuristic)
Shin Megami Tensei V,Setting,Post-apocalyptic
The Drifter,Genre,Adventure
The Drifter,Perspective,3rd-person (Other)
The Drifter,Gameplay,Graphic adventure
The Drifter,Gameplay,Puzzle elements
The Drifter,Interface,Point and select
The Drifter,Narrative,Thriller
The Hundred Line: Last Defense Academy,Genre,Role-playing (RPG)
The Hundred Line: Last Defense Academy,Perspective,3rd-person (Other)
The Hundred Line: Last Defense Academy,Art,Anime / Manga
The Hundred Line: Last Defense Academy,Pacing,Turn-based
The Hundred Line: Last Defense Academy,Gameplay,Japanese-style RPG (JRPG)
The Hundred Line: Last Defense Academy,Gameplay,Visual novel
The Hundred Line: Last Defense Academy,Interface,Direct control
The Hundred Line: Last Defense Academy,Setting,Sci-fi / futuristic
Final Fantasy VII: Remake - Intergrade,Genre,Role-playing (RPG)
Final Fantasy VII: Remake - Intergrade,Perspective,3rd-person (Other)
Final Fantasy VII: Remake - Intergrade,Visual,Cinematic camera
Final Fantasy VII: Remake - Intergrade,Art,Anime / Manga
Final Fantasy VII: Remake - Intergrade,Gameplay,Japanese-style RPG (JRPG)
Final Fantasy VII: Remake - Intergrade,Interface,Direct control
Final Fantasy VII: Remake - Intergrade,Setting,Fantasy
Crusader Kings III,Genre,Strategy / tactics
Crusader Kings III,Perspective,Diagonal-down
Crusader Kings III,Visual,Free camera
Crusader Kings III,Pacing,Real-time
Crusader Kings III,Gameplay,Real-time strategy (RTS)
Crusader Kings III,Interface,Menu structures
Crusader Kings III,Interface,Point and select
Crusader Kings III,Setting,Historical events
Crusader Kings III,Setting,Medieval
Marvel vs. Capcom Fighting Collection: Arcade Classics,Genre,Action
Marvel vs. Capcom Fighting Collection: Arcade Classics,Genre,Compilation
Marvel vs. Capcom Fighting Collection: Arcade Classics,Perspective,Side view
Marvel vs. Capcom Fighting Collection: Arcade Classics,Visual,2D scrolling
Marvel vs. Capcom Fighting Collection: Arcade Classics,Art,Anime / Manga
Marvel vs. Capcom Fighting Collection: Arcade Classics,Gameplay,Beat 'em up / brawler
Marvel vs. Capcom Fighting Collection: Arcade Classics,Gameplay,Fighting
Marvel vs. Capcom Fighting Collection: Arcade Classics,Interface,Direct control
Marvel vs. Capcom Fighting Collection: Arcade Classics,Misc,Licensed
Ninja Gaiden: Ragebound,Genre,Action
Ninja Gaiden: Ragebound,Perspective,Side view
Ninja Gaiden: Ragebound,Visual,2D scrolling
Ninja Gaiden: Ragebound,Gameplay,Arcade
Ninja Gaiden: Ragebound,Gameplay,Platform
Ninja Gaiden: Ragebound,Interface,Direct control
Ninja Gaiden: Ragebound,Vehicular,Motorcycle
Ninja Gaiden: Ragebound,Vehicular,Naval / watercraft
Ninja Gaiden: Ragebound,Setting,Fantasy
Ninja Gaiden: Ragebound,Setting,Japan (Modern/Futuristic)
Rogue Legacy 2,Genre,Action
Rogue Legacy 2,Perspective,Side view
Rogue Legacy 2,Visual,2D scrolling
Rogue Legacy 2,Gameplay,Metroidvania
Rogue Legacy 2,Gameplay,Platform
Rogue Legacy 2,Gameplay,Roguelike
Rogue Legacy 2,Setting,Fantasy
The Legend of Zelda: Echoes of Wisdom,Genre,Action
The Legend of Zelda: Echoes of Wisdom,Perspective,Diagonal-down
The Legend of Zelda: Echoes of Wisdom,Gameplay,Puzzle elements
The Legend of Zelda: Echoes of Wisdom,Gameplay,RPG elements
The Legend of Zelda: Echoes of Wisdom,Gameplay,Sandbox / open world
The Legend of Zelda: Echoes of Wisdom,Interface,Direct control
The Legend of Zelda: Echoes of Wisdom,Setting,Fantasy
Two Point Museum,Genre,Simulation
Two Point Museum,Genre,Strategy / tactics
Two Point Museum,Perspective,Diagonal-down
Two Point Museum,Visual,Free camera
Two Point Museum,Pacing,Real-time
Two Point Museum,Gameplay,City building / construction simulation
Two Point Museum,Gameplay,Managerial / business simulation
Two Point Museum,Interface,Point and select
Two Point Museum,Narrative,Comedy
Horizon II: Forbidden West - Complete Edition,Genre,Compilation
Horizon II: Forbidden West - Complete Edition,Genre,Role-playing (RPG)
Horizon II: Forbidden West - Complete Edition,Perspective,Behind view
Horizon II: Forbidden West - Complete Edition,Gameplay,Action RPG
Horizon II: Forbidden West - Complete Edition,Interface,Direct control
Horizon II: Forbidden West - Complete Edition,Setting,Fantasy
Horizon II: Forbidden West - Complete Edition,Setting,North America
Horizon II: Forbidden West - Complete Edition,Setting,Post-apocalyptic
Metal Gear Solid Δ: Snake Eater,Genre,Action
Metal Gear Solid Δ: Snake Eater,Perspective,Behind view
Metal Gear Solid Δ: Snake Eater,Gameplay,Shooter
Metal Gear Solid Δ: Snake Eater,Gameplay,Stealth
Metal Gear Solid Δ: Snake Eater,Interface,Direct control
Metal Gear Solid Δ: Snake Eater,Setting,Cold War
Metal Gear Solid Δ: Snake Eater,Narrative,Spy / espionage
Immortality,Genre,Adventure
Immortality,Perspective,1st-person
Immortality,Art,Full Motion Video (FMV)
Immortality,Gameplay,Puzzle elements
Immortality,Interface,Menu structures
Immortality,Interface,Point and select
Immortality,Narrative,Detective / mystery
Immortality,Narrative,Horror
Tactical Breach Wizards,Genre,Strategy / tactics
Tactical Breach Wizards,Perspective,Diagonal-down
Tactical Breach Wizards,Pacing,Turn-based
Tactical Breach Wizards,Gameplay,RPG elements
Tactical Breach Wizards,Gameplay,Turn-based tactics (TBT)
Tactical Breach Wizards,Interface,Multiple units/characters control
Tactical Breach Wizards,Interface,Point and select
Tactical Breach Wizards,Setting,Contemporary
Tactical Breach Wizards,Setting,Fantasy
Tactical Breach Wizards,Narrative,Comedy
Bzzzt,Genre,Action
Bzzzt,Perspective,Side view
Bzzzt,Visual,2D scrolling
Bzzzt,Gameplay,Platform
Bzzzt,Interface,Direct control
Bzzzt,Setting,Sci-fi / futuristic
Victoria 3,Genre,Simulation
Victoria 3,Genre,Strategy / tactics
Victoria 3,Perspective,Diagonal-down
Victoria 3,Visual,Free camera
Victoria 3,Gameplay,City building / construction simulation
Victoria 3,Gameplay,Managerial / business simulation
Victoria 3,Interface,Point and select
Victoria 3,Setting,Industrial Age
The Alters,Genre,Action
The Alters,Genre,Simulation
The Alters,Genre,Strategy / tactics
The Alters,Perspective,3rd-person (Other)
The Alters,Perspective,Side view
The Alters,Visual,2D scrolling
The Alters,Pacing,Real-time
The Alters,Gameplay,City building / construction simulation
The Alters,Gameplay,Managerial / business simulation
The Alters,Interface,Direct control
The Alters,Interface,Point and select
The Alters,Setting,Sci-fi / futuristic
The Alters,Narrative,Survival
Return to Monkey Island,Genre,Adventure
Return to Monkey Island,Perspective,3rd-person (Other)
Return to Monkey Island,Gameplay,Graphic adventure
Return to Monkey Island,Gameplay,Puzzle elements
Return to Monkey Island,Interface,Point and select
Return to Monkey Island,Setting,Fantasy
Return to Monkey Island,Setting,Sea pirates / Caribbean
Return to Monkey Island,Narrative,Comedy
Blasphemous II,Genre,Action
Blasphemous II,Perspective,Side view
Blasphemous II,Visual,2D scrolling
Blasphemous II,Gameplay,Metroidvania
Blasphemous II,Gameplay,Platform
Blasphemous II,Gameplay,RPG elements
Blasphemous II,Interface,Direct control
Blasphemous II,Setting,Fantasy
Minds Beneath Us,Genre,Adventure
Minds Beneath Us,Perspective,Side view
Minds Beneath Us,Visual,2D scrolling
Minds Beneath Us,Art,Anime / Manga
Minds Beneath Us,Gameplay,Puzzle elements
Minds Beneath Us,Interface,Point and select
Minds Beneath Us,Setting,Asia
Minds Beneath Us,Setting,Sci-fi / futuristic
Minds Beneath Us,Narrative,Detective / mystery
Octopath Traveler II,Genre,Role-playing (RPG)
Octopath Traveler II,Perspective,Diagonal-down
Octopath Traveler II,Perspective,Side view
Octopath Traveler II,Pacing,Turn-based
Octopath Traveler II,Gameplay,Japanese-style RPG (JRPG)
Octopath Traveler II,Interface,Direct control
Octopath Traveler II,Interface,Menu structures
Octopath Traveler II,Interface,Multiple units/characters control
Octopath Traveler II,Setting,Fantasy
A Space for the Unbound,Genre,Adventure
A Space for the Unbound,Perspective,Side view
A Space for the Unbound,Visual,Fixed / flip-screen
A Space for the Unbound,Gameplay,Puzzle elements
A Space for the Unbound,Gameplay,Visual novel
A Space for the Unbound,Interface,Direct control
A Space for the Unbound,Interface,Point and select
A Space for the Unbound,Setting,Asia
A Space for the Unbound,Setting,Fantasy
Diablo IV,Genre,Role-playing (RPG)
Diablo IV,Perspective,Diagonal-down
Diablo IV,Gameplay,Action RPG
Diablo IV,Interface,Direct control
Diablo IV,Interface,Point and select
Diablo IV,Setting,Fantasy
Quake II,Genre,Action
Quake II,Perspective,1st-person
Quake II,Gameplay,Shooter
Quake II,Interface,Direct control
Quake II,Setting,Sci-fi / futuristic
Dragon Quest III: HD-2D Remake,Genre,Role-playing (RPG)
Dragon Quest III: HD-2D Remake,Perspective,3rd-person (Other)
Dragon Quest III: HD-2D Remake,Pacing,Turn-based
Dragon Quest III: HD-2D Remake,Gameplay,Japanese-style RPG (JRPG)
Dragon Quest III: HD-2D Remake,Interface,Direct control
Dragon Quest III: HD-2D Remake,Setting,Fantasy
Mouthwashing,Genre,Adventure
Mouthwashing,Perspective,1st-person
Mouthwashing,Gameplay,Puzzle elements
Mouthwashing,Interface,Point and select
Mouthwashing,Setting,Sci-fi / futuristic
Mouthwashing,Narrative,Horror
NEO: The World Ends with You,Genre,Role-playing (RPG)
NEO: The World Ends with You,Perspective,3rd-person (Other)
NEO: The World Ends with You,Perspective,Diagonal-down
NEO: The World Ends with You,Art,Anime / Manga
NEO: The World Ends with You,Gameplay,Action RPG
NEO: The World Ends with You,Interface,Direct control
NEO: The World Ends with You,Setting,Fantasy
Dreams,Genre,Action
Dreams,Genre,Adventure
Dreams,Genre,Racing / Driving
Dreams,Perspective,1st-person
Dreams,Perspective,3rd-person (Other)
Dreams,Perspective,Behind view
Dreams,Perspective,Side view
Dreams,Visual,2D scrolling
Dreams,Gameplay,Graphic adventure
Dreams,Gameplay,Platform
Dreams,Gameplay,Puzzle elements
Dreams,Interface,Direct control
Dreams,Interface,Point and select
Dreams,Setting,Fantasy
Suikoden I&II HD Remaster: Gate Rune & Dunan Unification Wars,Genre,Compilation
Suikoden I&II HD Remaster: Gate Rune & Dunan Unification Wars,Genre,Role-playing (RPG)
Suikoden I&II HD Remaster: Gate Rune & Dunan Unification Wars,Perspective,Diagonal-down
Suikoden I&II HD Remaster: Gate Rune & Dunan Unification Wars,Art,Anime / Manga
Suikoden I&II HD Remaster: Gate Rune & Dunan Unification Wars,Pacing,Turn-based
Suikoden I&II HD Remaster: Gate Rune & Dunan Unification Wars,Gameplay,Japanese-style RPG (JRPG)
Suikoden I&II HD Remaster: Gate Rune & Dunan Unification Wars,Interface,Direct control
Suikoden I&II HD Remaster: Gate Rune & Dunan Unification Wars,Interface,Menu structures
Suikoden I&II HD Remaster: Gate Rune & Dunan Unification Wars,Setting,Fantasy
Mario Kart World,Genre,Racing / Driving
Mario Kart World,Perspective,Behind view
Mario Kart World,Interface,Direct control
Mario Kart World,Interface,Motion control
Mario Kart World,Vehicular,Automobile
Mario Kart World,Vehicular,Motorcycle
Mario Kart World,Vehicular,Track racing
Mario Kart World,Setting,Fantasy
Asgard's Wrath II,Genre,Role-playing (RPG)
Asgard's Wrath II,Perspective,1st-person
Asgard's Wrath II,Gameplay,Action RPG
Asgard's Wrath II,Gameplay,Hack and slash
Asgard's Wrath II,Interface,Direct control
Asgard's Wrath II,Interface,Motion control
Asgard's Wrath II,Setting,Fantasy
Final Fantasy XVI,Genre,Role-playing (RPG)
Final Fantasy XVI,Perspective,Behind view
Final Fantasy XVI,Art,Anime / Manga
Final Fantasy XVI,Gameplay,Action RPG
Final Fantasy XVI,Gameplay,Sandbox / open world
Final Fantasy XVI,Interface,Direct control
Final Fantasy XVI,Setting,Fantasy
Final Fantasy XVI,Setting,Medieval
NORCO,Genre,Adventure
NORCO,Perspective,3rd-person (Other)
NORCO,Gameplay,Graphic adventure
NORCO,Gameplay,Puzzle elements
NORCO,Interface,Point and select
NORCO,Setting,North America
NORCO,Setting,Sci-fi / futuristic
Silent Hill f,Genre,Action
Silent Hill f,Perspective,Behind view
Silent Hill f,Gameplay,Hack and slash
Silent Hill f,Gameplay,Puzzle elements
Silent Hill f,Gameplay,Survival horror
Silent Hill f,Interface,Direct control
Silent Hill f,Setting,Japan (Modern/Futuristic)
Silent Hill f,Narrative,Horror
Sword of the Sea,Genre,Action
Sword of the Sea,Perspective,Behind view
Sword of the Sea,Gameplay,Tricks / stunts
Sword of the Sea,Interface,Direct control
Sword of the Sea,Setting,Fantasy
Castlevania: Advance Collection,Genre,Action
Castlevania: Advance Collection,Genre,Compilation
Castlevania: Advance Collection,Genre,Role-playing (RPG)
Castlevania: Advance Collection,Perspective,Side view
Castlevania: Advance Collection,Visual,2D scrolling
Castlevania: Advance Collection,Gameplay,Metroidvania
Castlevania: Advance Collection,Gameplay,Platform
Castlevania: Advance Collection,Gameplay,Puzzle elements
Castlevania: Advance Collection,Gameplay,RPG elements
Castlevania: Advance Collection,Setting,Europe
Castlevania: Advance Collection,Setting,Fantasy
Castlevania: Advance Collection,Narrative,Horror
NieR Replicant ver.1.22474487139...,Genre,Role-playing (RPG)
NieR Replicant ver.1.22474487139...,Perspective,Behind view
NieR Replicant ver.1.22474487139...,Art,Anime / Manga
NieR Replicant ver.1.22474487139...,Gameplay,Action RPG
NieR Replicant ver.1.22474487139...,Gameplay,Hack and slash
NieR Replicant ver.1.22474487139...,Interface,Direct control
NieR Replicant ver.1.22474487139...,Setting,Fantasy
NieR Replicant ver.1.22474487139...,Setting,Post-apocalyptic
NieR Replicant ver.1.22474487139...,Setting,Sci-fi / futuristic
Teenage Mutant Ninja Turtles: Shredder's Revenge,Genre,Action
Teenage Mutant Ninja Turtles: Shredder's Revenge,Perspective,Side view
Teenage Mutant Ninja Turtles: Shredder's Revenge,Visual,2D scrolling
Teenage Mutant Ninja Turtles: Shredder's Revenge,Gameplay,Beat 'em up / brawler
Teenage Mutant Ninja Turtles: Shredder's Revenge,Interface,Direct control
Teenage Mutant Ninja Turtles: Shredder's Revenge,Setting,Fantasy
Teenage Mutant Ninja Turtles: Shredder's Revenge,Setting,North America
Teenage Mutant Ninja Turtles: Shredder's Revenge,Narrative,Martial arts
Teenage Mutant Ninja Turtles: Shredder's Revenge,Misc,Licensed
Lost Judgment,Genre,Action
Lost Judgment,Perspective,3rd-person (Other)
Lost Judgment,Gameplay,Fighting
Lost Judgment,Gameplay,Mini-games
Lost Judgment,Gameplay,RPG elements
Lost Judgment,Interface,Direct control
Lost Judgment,Setting,Japan (Modern/Futuristic)
Lost Judgment,Narrative,Crime
Lost Judgment,Narrative,Detective / mystery
Granblue Fantasy: Relink,Genre,Role-playing (RPG)
Granblue Fantasy: Relink,Perspective,Behind view
Granblue Fantasy: Relink,Art,Anime / Manga
Granblue Fantasy: Relink,Gameplay,Action RPG
Granblue Fantasy: Relink,Interface,Direct control
Granblue Fantasy: Relink,Setting,Fantasy
Fate/stay night: Remastered,Genre,Adventure
Fate/stay night: Remastered,Perspective,1st-person
Fate/stay night: Remastered,Visual,Fixed / flip-screen
Fate/stay night: Remastered,Art,Anime / Manga
Fate/stay night: Remastered,Gameplay,Visual novel
Fate/stay night: Remastered,Interface,Menu structures
Fate/stay night: Remastered,Setting,Contemporary
Fate/stay night: Remastered,Setting,Fantasy
Fate/stay night: Remastered,Setting,Japan (Modern/Futuristic)
Before Your Eyes,Genre,Adventure
Before Your Eyes,Perspective,1st-person
Before Your Eyes,Narrative,Detective / mystery
Pikmin 4,Genre,Action
Pikmin 4,Genre,Puzzle
Pikmin 4,Genre,Strategy / tactics
Pikmin 4,Perspective,3rd-person (Other)
Pikmin 4,Pacing,Real-time
Pikmin 4,Interface,Direct control
Pikmin 4,Interface,Multiple units/characters control
Pikmin 4,Setting,Contemporary
Pikmin 4,Setting,Fantasy
Pikmin 4,Setting,Sci-fi / futuristic
The Holy Gosh Darn,Genre,Adventure
The Holy Gosh Darn,Perspective,Side view
The Holy Gosh Darn,Visual,2D scrolling
The Holy Gosh Darn,Gameplay,Platform
The Holy Gosh Darn,Gameplay,Puzzle elements
The Holy Gosh Darn,Interface,Direct control
The Holy Gosh Darn,Setting,Fantasy
The Holy Gosh Darn,Narrative,Comedy
Ace Attorney Investigations Collection,Genre,Adventure
Ace Attorney Investigations Collection,Genre,Compilation
Ace Attorney Investigations Collection,Genre,Simulation
Ace Attorney Investigations Collection,Perspective,1st-person
Ace Attorney Investigations Collection,Visual,Fixed / flip-screen
Ace Attorney Investigations Collection,Art,Anime / Manga
Ace Attorney Investigations Collection,Gameplay,Puzzle elements
Ace Attorney Investigations Collection,Interface,Menu structures
Ace Attorney Investigations Collection,Narrative,Detective / mystery
The Stanley Parable: Ultra Deluxe,Genre,Adventure
The Stanley Parable: Ultra Deluxe,Perspective,1st-person
The Stanley Parable: Ultra Deluxe,Interface,Direct control
The Stanley Parable: Ultra Deluxe,Setting,Contemporary
The Stanley Parable: Ultra Deluxe,Narrative,Comedy
LEGO Star Wars: The Skywalker Saga,Genre,Action
LEGO Star Wars: The Skywalker Saga,Perspective,Behind view
LEGO Star Wars: The Skywalker Saga,Interface,Direct control
LEGO Star Wars: The Skywalker Saga,Setting,Sci-fi / futuristic
LEGO Star Wars: The Skywalker Saga,Misc,Licensed
Tunic,Genre,Action
Tunic,Perspective,Diagonal-down
Tunic,Visual,2D scrolling
Tunic,Gameplay,Metroidvania
Tunic,Gameplay,Puzzle elements
Tunic,Interface,Direct control
Tunic,Setting,Fantasy
The Great Ace Attorney Chronicles,Genre,Adventure
The Great Ace Attorney Chronicles,Genre,Compilation
The Great Ace Attorney Chronicles,Perspective,3rd-person (Other)
The Great Ace Attorney Chronicles,Art,Anime / Manga
The Great Ace Attorney Chronicles,Gameplay,Puzzle elements
The Great Ace Attorney Chronicles,Narrative,Detective / mystery
Super Mario Party Jamboree,Genre,Action
Super Mario Party Jamboree,Perspective,3rd-person (Other)
Super Mario Party Jamboree,Perspective,Behind view
Super Mario Party Jamboree,Perspective,Diagonal-down
Super Mario Party Jamboree,Perspective,Side view
Super Mario Party Jamboree,Gameplay,Board game
Super Mario Party Jamboree,Gameplay,Mini-games
Super Mario Party Jamboree,Gameplay,Party game
Super Mario Party Jamboree,Interface,Direct control
Super Mario Party Jamboree,Setting,Fantasy
Omori,Genre,Role-playing (RPG)
Omori,Perspective,Diagonal-down
Omori,Visual,2D scrolling
Omori,Interface,Direct control
Omori,Setting,Fantasy
Omori,Narrative,Horror
Beacon Pines,Genre,Adventure
Beacon Pines,Perspective,Diagonal-down
Beacon Pines,Visual,Isometric
Beacon Pines,Pacing,Real-time
Beacon Pines,Gameplay,Visual novel
Beacon Pines,Interface,Direct control
Beacon Pines,Setting,Fantasy
Fantasy Life i: The Girl Who Steals Time,Genre,Role-playing (RPG)
Fantasy Life i: The Girl Who Steals Time,Perspective,Diagonal-down
Fantasy Life i: The Girl Who Steals Time,Visual,2D scrolling
Fantasy Life i: The Girl Who Steals Time,Interface,Direct control
Fantasy Life i: The Girl Who Steals Time,Setting,Fantasy
Doki Doki Literature Club Plus!,Genre,Adventure
Doki Doki Literature Club Plus!,Perspective,1st-person
Doki Doki Literature Club Plus!,Visual,Fixed / flip-screen
Doki Doki Literature Club Plus!,Art,Anime / Manga
Doki Doki Literature Club Plus!,Gameplay,Dating simulation
Doki Doki Literature Club Plus!,Gameplay,Visual novel
Doki Doki Literature Club Plus!,Interface,Menu structures
Doki Doki Literature Club Plus!,Setting,Contemporary
Doki Doki Literature Club Plus!,Narrative,Horror
Doki Doki Literature Club Plus!,Narrative,Romance
The Cosmic Wheel Sisterhood,Genre,Adventure
The Cosmic Wheel Sisterhood,Perspective,3rd-person (Other)
The Cosmic Wheel Sisterhood,Interface,Direct control
The Cosmic Wheel Sisterhood,Interface,Menu structures
The Cosmic Wheel Sisterhood,Setting,Fantasy
The Cosmic Wheel Sisterhood,Setting,Sci-fi / futuristic
Paranormasight: The Seven Mysteries of Honjo,Genre,Adventure
Paranormasight: The Seven Mysteries of Honjo,Perspective,Text-based / Spreadsheet
Paranormasight: The Seven Mysteries of Honjo,Visual,2D scrolling
Paranormasight: The Seven Mysteries of Honjo,Art,Anime / Manga
Paranormasight: The Seven Mysteries of Honjo,Gameplay,Platform
Paranormasight: The Seven Mysteries of Honjo,Gameplay,Puzzle elements
Paranormasight: The Seven Mysteries of Honjo,Gameplay,Visual novel
Paranormasight: The Seven Mysteries of Honjo,Interface,Point and select
Paranormasight: The Seven Mysteries of Honjo,Narrative,Detective / mystery
Paranormasight: The Seven Mysteries of Honjo,Narrative,Horror
Super Mario RPG,Genre,Action
Super Mario RPG,Genre,Role-playing (RPG)
Super Mario RPG,Perspective,Diagonal-down
Super Mario RPG,Visual,Isometric
Super Mario RPG,Art,Anime / Manga
Super Mario RPG,Pacing,Turn-based
Super Mario RPG,Gameplay,Japanese-style RPG (JRPG)
Super Mario RPG,Interface,Direct control
Super Mario RPG,Setting,Fantasy
Chants of Sennaar,Genre,Adventure
Chants of Sennaar,Perspective,3rd-person (Other)
Chants of Sennaar,Visual,Cinematic camera
Chants of Sennaar,Gameplay,Puzzle elements
Chants of Sennaar,Interface,Direct control
The Forgotten City,Genre,Adventure
The Forgotten City,Genre,Puzzle
The Forgotten City,Perspective,1st-person
The Forgotten City,Pacing,Real-time
The Forgotten City,Interface,Direct control
The Forgotten City,Setting,Classical antiquity
The Forgotten City,Setting,Sci-fi / futuristic
The Forgotten City,Narrative,Detective / mystery
The Legend of Heroes: Trails Through Daybreak,Genre,Role-playing (RPG)
The Legend of Heroes: Trails Through Daybreak,Perspective,Behind view
The Legend of Heroes: Trails Through Daybreak,Art,Anime / Manga
The Legend of Heroes: Trails Through Daybreak,Pacing,Turn-based
The Legend of Heroes: Trails Through Daybreak,Gameplay,Japanese-style RPG (JRPG)
The Legend of Heroes: Trails Through Daybreak,Interface,Direct control
The Legend of Heroes: Trails Through Daybreak,Setting,Fantasy
Command & Conquer: Remastered Collection,Genre,Compilation
Command & Conquer: Remastered Collection,Genre,Strategy / tactics
Command & Conquer: Remastered Collection,Perspective,Diagonal-down
Command & Conquer: Remastered Collection,Visual,Free camera
Command & Conquer: Remastered Collection,Pacing,Real-time
Command & Conquer: Remastered Collection,Gameplay,Real-time strategy (RTS)
Command & Conquer: Remastered Collection,Interface,Multiple units/characters control
Command & Conquer: Remastered Collection,Interface,Point and select
Command & Conquer: Remastered Collection,Setting,Africa
Command & Conquer: Remastered Collection,Setting,Alternate history
Command & Conquer: Remastered Collection,Setting,Europe
Command & Conquer: Remastered Collection,Setting,Sci-fi / futuristic
Command & Conquer: Remastered Collection,Narrative,War
Atelier Ryza 3: Alchemist of the End & the Secret Key,Genre,Role-playing (RPG)
Atelier Ryza 3: Alchemist of the End & the Secret Key,Perspective,Behind view
Atelier Ryza 3: Alchemist of the End & the Secret Key,Art,Anime / Manga
Atelier Ryza 3: Alchemist of the End & the Secret Key,Gameplay,Japanese-style RPG (JRPG)
Atelier Ryza 3: Alchemist of the End & the Secret Key,Interface,Direct control
Atelier Ryza 3: Alchemist of the End & the Secret Key,Setting,Fantasy
Pikmin 3 Deluxe,Genre,Action
Pikmin 3 Deluxe,Genre,Puzzle
Pikmin 3 Deluxe,Genre,Strategy / tactics
Pikmin 3 Deluxe,Perspective,3rd-person (Other)
Pikmin 3 Deluxe,Pacing,Real-time
Pikmin 3 Deluxe,Interface,Direct control
Pikmin 3 Deluxe,Interface,Multiple units/characters control
Pikmin 3 Deluxe,Setting,Contemporary
Pikmin 3 Deluxe,Setting,Fantasy
Pikmin 3 Deluxe,Setting,Sci-fi / futuristic
Tales of Arise,Genre,Action
Tales of Arise,Genre,Role-playing (RPG)
Tales of Arise,Perspective,Behind view
Tales of Arise,Visual,Free camera
Tales of Arise,Art,Anime / Manga
Tales of Arise,Gameplay,Action RPG
Tales of Arise,Gameplay,Japanese-style RPG (JRPG)
Tales of Arise,Interface,Menu structures
Tales of Arise,Setting,Fantasy
The Roottrees are Dead,Genre,Adventure
The Roottrees are Dead,Perspective,1st-person
The Roottrees are Dead,Gameplay,Puzzle elements
The Roottrees are Dead,Interface,Menu structures
The Roottrees are Dead,Interface,Point and select
The Roottrees are Dead,Narrative,Detective / mystery
OlliOlli World,Genre,Action
OlliOlli World,Genre,Sports
OlliOlli World,Perspective,Side view
OlliOlli World,Visual,2D scrolling
OlliOlli World,Gameplay,Platform
OlliOlli World,Interface,Direct control
OlliOlli World,Sport,Skateboarding
OlliOlli World,Setting,Fantasy
Street Fighter 6: Years 1-2 - Fighters Edition,Genre,Action
Street Fighter 6: Years 1-2 - Fighters Edition,Genre,Compilation
Street Fighter 6: Years 1-2 - Fighters Edition,Perspective,Side view
Street Fighter 6: Years 1-2 - Fighters Edition,Visual,2D scrolling
Street Fighter 6: Years 1-2 - Fighters Edition,Art,Anime / Manga
Street Fighter 6: Years 1-2 - Fighters Edition,Gameplay,Fighting
Street Fighter 6: Years 1-2 - Fighters Edition,Interface,Direct control
Street Fighter 6: Years 1-2 - Fighters Edition,Setting,Fantasy
Against the Storm,Genre,Simulation
Against the Storm,Genre,Strategy / tactics
Against the Storm,Perspective,Diagonal-down
Against the Storm,Visual,Free camera
Against the Storm,Gameplay,City building / construction simulation
Against the Storm,Gameplay,Managerial / business simulation
Against the Storm,Interface,Point and select
Against the Storm,Setting,Fantasy
Against the Storm,Setting,Post-apocalyptic
"Warhammer 40,000: Space Marine II",Genre,Action
"Warhammer 40,000: Space Marine II",Perspective,Behind view
"Warhammer 40,000: Space Marine II",Gameplay,Shooter
"Warhammer 40,000: Space Marine II",Interface,Direct control
"Warhammer 40,000: Space Marine II",Setting,Sci-fi / futuristic
"Warhammer 40,000: Space Marine II",Misc,Licensed
Marvel Midnight Suns,Genre,Strategy / tactics
Marvel Midnight Suns,Perspective,Diagonal-down
Marvel Midnight Suns,Visual,Free camera
Marvel Midnight Suns,Pacing,Turn-based
Marvel Midnight Suns,Gameplay,Cards / tiles
Marvel Midnight Suns,Gameplay,RPG elements
Marvel Midnight Suns,Gameplay,Turn-based tactics (TBT)
Marvel Midnight Suns,Setting,Sci-fi / futuristic
Marvel Midnight Suns,Misc,Licensed
A Plague Tale: Requiem,Genre,Action
A Plague Tale: Requiem,Perspective,Behind view
A Plague Tale: Requiem,Gameplay,Stealth
A Plague Tale: Requiem,Interface,Direct control
A Plague Tale: Requiem,Setting,Alternate history
A Plague Tale: Requiem,Setting,Europe
A Plague Tale: Requiem,Setting,Fantasy
A Plague Tale: Requiem,Setting,Medieval
Splatoon 3,Genre,Action
Splatoon 3,Perspective,Behind view
Splatoon 3,Gameplay,Shooter
Splatoon 3,Interface,Direct control
Splatoon 3,Setting,Fantasy
Star Wars: Jedi - Survivor,Genre,Action
Star Wars: Jedi - Survivor,Perspective,Behind view
Star Wars: Jedi - Survivor,Interface,Direct control
Star Wars: Jedi - Survivor,Setting,Sci-fi / futuristic
Star Wars: Jedi - Survivor,Misc,Licensed
Stray,Genre,Action
Stray,Perspective,Behind view
Stray,Gameplay,Platform
Stray,Gameplay,Puzzle elements
Stray,Gameplay,Stealth
Stray,Interface,Direct control
Stray,Setting,Cyberpunk / dark sci-fi
Stray,Setting,Post-apocalyptic
Disgaea 7: Vows of the Virtueless,Genre,Role-playing (RPG)
Disgaea 7: Vows of the Virtueless,Genre,Strategy / tactics
Disgaea 7: Vows of the Virtueless,Perspective,Diagonal-down
Disgaea 7: Vows of the Virtueless,Visual,Isometric
Disgaea 7: Vows of the Virtueless,Art,Anime / Manga
Disgaea 7: Vows of the Virtueless,Pacing,Turn-based
Disgaea 7: Vows of the Virtueless,Gameplay,Tactical RPG
Disgaea 7: Vows of the Virtueless,Interface,Menu structures
Disgaea 7: Vows of the Virtueless,Setting,Fantasy
Minishoot' Adventures,Genre,Action
Minishoot' Adventures,Perspective,Top-down
Minishoot' Adventures,Visual,2D scrolling
Minishoot' Adventures,Gameplay,Metroidvania
Minishoot' Adventures,Gameplay,Shooter
Minishoot' Adventures,Interface,Direct control
Dragon Ball: Sparking! Zero,Genre,Action
Dragon Ball: Sparking! Zero,Perspective,3rd-person (Other)
Dragon Ball: Sparking! Zero,Art,Anime / Manga
Dragon Ball: Sparking! Zero,Gameplay,Fighting
Dragon Ball: Sparking! Zero,Interface,Direct control
Dragon Ball: Sparking! Zero,Setting,Fantasy
Dragon Ball: Sparking! Zero,Misc,Licensed
Cult of the Lamb,Genre,Action
Cult of the Lamb,Genre,Simulation
Cult of the Lamb,Perspective,Diagonal-down
Cult of the Lamb,Visual,2D scrolling
Cult of the Lamb,Gameplay,City building / construction simulation
Cult of the Lamb,Gameplay,Roguelike
Cult of the Lamb,Interface,Direct control
Cult of the Lamb,Interface,Menu structures
Cult of the Lamb,Setting,Fantasy
Dragon's Dogma II,Genre,Role-playing (RPG)
Dragon's Dogma II,Perspective,Behind view
Dragon's Dogma II,Gameplay,Action RPG
Dragon's Dogma II,Gameplay,Hack and slash
Dragon's Dogma II,Gameplay,Sandbox / open world
Dragon's Dogma II,Interface,Direct control
Dragon's Dogma II,Setting,Fantasy
Shiren the Wanderer: The Mystery Dungeon of Serpentcoil Island,Genre,Role-playing (RPG)
Shiren the Wanderer: The Mystery Dungeon of Serpentcoil Island,Perspective,Diagonal-down
Shiren the Wanderer: The Mystery Dungeon of Serpentcoil Island,Visual,2D scrolling
Shiren the Wanderer: The Mystery Dungeon of Serpentcoil Island,Pacing,Turn-based
Shiren the Wanderer: The Mystery Dungeon of Serpentcoil Island,Gameplay,Roguelike
Shiren the Wanderer: The Mystery Dungeon of Serpentcoil Island,Interface,Direct control
Shiren the Wanderer: The Mystery Dungeon of Serpentcoil Island,Setting,Fantasy
Monster Train 2,Genre,Strategy / tactics
Monster Train 2,Perspective,1st-person
Monster Train 2,Perspective,Side view
Monster Train 2,Visual,Fixed / flip-screen
Monster Train 2,Pacing,Turn-based
Monster Train 2,Gameplay,Cards / tiles
Monster Train 2,Interface,Point and select
Monster Train 2,Setting,Fantasy
Cassette Beasts,Genre,Role-playing (RPG)
Cassette Beasts,Perspective,Diagonal-down
Cassette Beasts,Visual,2D scrolling
Cassette Beasts,Pacing,Turn-based
Cassette Beasts,Interface,Direct control
Cassette Beasts,Interface,Menu structures
Cassette Beasts,Setting,Fantasy
Lil' Guardsman,Genre,Adventure
Lil' Guardsman,Perspective,Side view
Lil' Guardsman,Visual,2D scrolling
Lil' Guardsman,Gameplay,Puzzle elements
Lil' Guardsman,Gameplay,RPG elements
Lil' Guardsman,Interface,Point and select
Lil' Guardsman,Setting,Fantasy
Lil' Guardsman,Narrative,Comedy
Lacuna,Genre,Adventure
Lacuna,Perspective,Side view
Lacuna,Visual,2D scrolling
Lacuna,Interface,Direct control
Lacuna,Setting,Sci-fi / futuristic
Lacuna,Narrative,Crime
Lacuna,Narrative,Detective / mystery
Wasteland 3,Genre,Role-playing (RPG)
Wasteland 3,Perspective,Diagonal-down
Wasteland 3,Pacing,Turn-based
Wasteland 3,Gameplay,Tactical RPG
Wasteland 3,Interface,Multiple units/characters control
Wasteland 3,Interface,Point and select
Wasteland 3,Setting,Alternate history
Wasteland 3,Setting,North America
Wasteland 3,Setting,Post-apocalyptic
Ender Lilies: Quietus of the Knights,Genre,Action
Ender Lilies: Quietus of the Knights,Perspective,Side view
Ender Lilies: Quietus of the Knights,Visual,2D scrolling
Ender Lilies: Quietus of the Knights,Art,Anime / Manga
Ender Lilies: Quietus of the Knights,Gameplay,Metroidvania
Ender Lilies: Quietus of the Knights,Interface,Direct control
Ender Lilies: Quietus of the Knights,Setting,Fantasy
The Case of the Golden Idol,Genre,Adventure
The Case of the Golden Idol,Perspective,Side view
The Case of the Golden Idol,Visual,Fixed / flip-screen
The Case of the Golden Idol,Gameplay,Graphic adventure
The Case of the Golden Idol,Gameplay,Puzzle elements
The Case of the Golden Idol,Interface,Point and select
The Case of the Golden Idol,Narrative,Crime
The Case of the Golden Idol,Narrative,Detective / mystery
The Case of the Golden Idol,Narrative,Thriller
Desperados III,Genre,Strategy / tactics
Desperados III,Perspective,Diagonal-down
Desperados III,Visual,Free camera
Desperados III,Pacing,Real-time
Desperados III,Gameplay,Real-time tactics (RTT)
Desperados III,Gameplay,Stealth
Desperados III,Interface,Multiple units/characters control
Desperados III,Interface,Point and select
Desperados III,Setting,North America
Desperados III,Setting,Western
V Rising,Genre,Action
V Rising,Perspective,Diagonal-down
V Rising,Gameplay,RPG elements
V Rising,Gameplay,Sandbox / open world
V Rising,Interface,Direct control
V Rising,Setting,Fantasy
We ♥ Katamari: Reroll+ Royal Reverie,Genre,Puzzle
We ♥ Katamari: Reroll+ Royal Reverie,Perspective,Behind view
We ♥ Katamari: Reroll+ Royal Reverie,Interface,Direct control
We ♥ Katamari: Reroll+ Royal Reverie,Setting,Fantasy
We ♥ Katamari: Reroll+ Royal Reverie,Narrative,Comedy
Nioh 2,Genre,Role-playing (RPG)
Nioh 2,Perspective,Behind view
Nioh 2,Gameplay,Action RPG
Nioh 2,Gameplay,Hack and slash
Nioh 2,Interface,Direct control
Nioh 2,Setting,Alternate history
Nioh 2,Setting,Fantasy
Nioh 2,Setting,Japan (Ancient/Classical/Medieval)
The Crimson Diamond,Genre,Adventure
The Crimson Diamond,Perspective,3rd-person (Other)
The Crimson Diamond,Visual,Fixed / flip-screen
The Crimson Diamond,Gameplay,Graphic adventure
The Crimson Diamond,Interface,Point and select
The Crimson Diamond,Interface,Text parser
The Crimson Diamond,Setting,North America
The Crimson Diamond,Narrative,Detective / mystery
Humanity,Genre,Puzzle
Humanity,Perspective,3rd-person (Other)
Humanity,Pacing,Real-time
Humanity,Interface,Direct control
Humanity,Setting,Fantasy
Dredge,Genre,Simulation
Dredge,Perspective,Top-down
Dredge,Visual,2D scrolling
Dredge,Gameplay,Puzzle elements
Dredge,Gameplay,RPG elements
Dredge,Gameplay,Sandbox / open world
Dredge,Interface,Direct control
Dredge,Vehicular,Naval / watercraft
Dredge,Setting,Fantasy
Mafia: Definitive Edition,Genre,Action
Mafia: Definitive Edition,Genre,Racing / Driving
Mafia: Definitive Edition,Perspective,Behind view
Mafia: Definitive Edition,Gameplay,Shooter
Mafia: Definitive Edition,Interface,Direct control
Mafia: Definitive Edition,Vehicular,Automobile
Mafia: Definitive Edition,Setting,Interwar
Mafia: Definitive Edition,Setting,North America
Mafia: Definitive Edition,Narrative,Crime
The Rise of the Golden Idol,Genre,Adventure
The Rise of the Golden Idol,Perspective,Side view
The Rise of the Golden Idol,Visual,Fixed / flip-screen
The Rise of the Golden Idol,Gameplay,Graphic adventure
The Rise of the Golden Idol,Gameplay,Puzzle elements
The Rise of the Golden Idol,Interface,Point and select
The Rise of the Golden Idol,Narrative,Detective / mystery
The Rise of the Golden Idol,Narrative,Thriller
Mortal Kombat 11: Ultimate,Genre,Compilation
Faith,Genre,Action
Faith,Genre,Compilation
Faith,Perspective,Diagonal-down
Faith,Visual,Fixed / flip-screen
Faith,Gameplay,Survival horror
Faith,Interface,Direct control
Faith,Setting,North America
Faith,Narrative,Horror
There Is No Game: Wrong Dimension,Genre,Adventure
There Is No Game: Wrong Dimension,Perspective,1st-person
There Is No Game: Wrong Dimension,Visual,Fixed / flip-screen
There Is No Game: Wrong Dimension,Gameplay,Graphic adventure
There Is No Game: Wrong Dimension,Gameplay,Puzzle elements
There Is No Game: Wrong Dimension,Interface,Point and select
There Is No Game: Wrong Dimension,Setting,Fantasy
There Is No Game: Wrong Dimension,Narrative,Comedy
Antonblast,Genre,Action
Antonblast,Perspective,Side view
Antonblast,Visual,2D scrolling
Antonblast,Gameplay,Platform
Antonblast,Interface,Direct control
Ninja Gaiden 4,Genre,Action
Ninja Gaiden 4,Perspective,Behind view
Ninja Gaiden 4,Gameplay,Hack and slash
Ninja Gaiden 4,Interface,Direct control
Videoverse,Genre,Adventure
Videoverse,Genre,Simulation
Videoverse,Perspective,1st-person
Videoverse,Visual,Fixed / flip-screen
Videoverse,Gameplay,Visual novel
Videoverse,Interface,Menu structures
Videoverse,Setting,Contemporary
Deep Rock Galactic: Survivor,Genre,Action
Deep Rock Galactic: Survivor,Perspective,Diagonal-down
Deep Rock Galactic: Survivor,Visual,2D scrolling
Deep Rock Galactic: Survivor,Interface,Direct control
Deep Rock Galactic: Survivor,Setting,Sci-fi / futuristic
Batman: Arkham Shadow,Genre,Action
Batman: Arkham Shadow,Perspective,1st-person
Batman: Arkham Shadow,Gameplay,Beat 'em up / brawler
Batman: Arkham Shadow,Gameplay,Stealth
Batman: Arkham Shadow,Interface,Direct control
Batman: Arkham Shadow,Interface,Motion control
Batman: Arkham Shadow,Setting,Contemporary
Batman: Arkham Shadow,Setting,North America
Batman: Arkham Shadow,Narrative,Detective / mystery
Batman: Arkham Shadow,Misc,Licensed
The Plucky Squire,Genre,Action
The Plucky Squire,Genre,Adventure
The Plucky Squire,Perspective,Diagonal-down
The Plucky Squire,Perspective,Side view
The Plucky Squire,Visual,2D scrolling
The Plucky Squire,Visual,Cinematic camera
The Plucky Squire,Gameplay,Platform
The Plucky Squire,Gameplay,Puzzle elements
The Plucky Squire,Interface,Direct control
Kunitsu-Gami: Path of the Goddess,Genre,Action
Kunitsu-Gami: Path of the Goddess,Genre,Strategy / tactics
Kunitsu-Gami: Path of the Goddess,Perspective,3rd-person (Other)
Kunitsu-Gami: Path of the Goddess,Visual,2D scrolling
Kunitsu-Gami: Path of the Goddess,Gameplay,Hack and slash
Kunitsu-Gami: Path of the Goddess,Gameplay,Tower defense
Kunitsu-Gami: Path of the Goddess,Interface,Direct control
Kunitsu-Gami: Path of the Goddess,Setting,Fantasy
F1 2020,Genre,Racing / Driving
F1 2020,Genre,Simulation
F1 2020,Perspective,1st-person
F1 2020,Perspective,Behind view
F1 2020,Interface,Direct control
F1 2020,Vehicular,Automobile
F1 2020,Vehicular,Track racing
F1 2020,Misc,Licensed
Walkabout Mini Golf,Genre,Sports
Walkabout Mini Golf,Perspective,1st-person
Walkabout Mini Golf,Interface,Direct control
Walkabout Mini Golf,Interface,Motion control
Walkabout Mini Golf,Sport,Golf
Gravity Circuit,Genre,Action
Gravity Circuit,Perspective,Side view
Gravity Circuit,Visual,2D scrolling
Gravity Circuit,Gameplay,Platform
Gravity Circuit,Interface,Direct control
Gravity Circuit,Setting,Sci-fi / futuristic
Vampire Survivors,Genre,Action
Vampire Survivors,Perspective,Diagonal-down
Vampire Survivors,Visual,2D scrolling
Vampire Survivors,Gameplay,Roguelike
Vampire Survivors,Interface,Direct control
Vampire Survivors,Setting,Fantasy
Age of Mythology: Retold,Genre,Strategy / tactics
Age of Mythology: Retold,Perspective,Diagonal-down
Age of Mythology: Retold,Visual,Free camera
Age of Mythology: Retold,Gameplay,Real-time strategy (RTS)
Age of Mythology: Retold,Interface,Multiple units/characters control
Age of Mythology: Retold,Interface,Point and select
Age of Mythology: Retold,Setting,Classical antiquity
Age of Mythology: Retold,Setting,Egypt (Ancient)
Age of Mythology: Retold,Setting,Europe
Age of Mythology: Retold,Setting,Fantasy
Capcom Fighting Collection 2,Genre,Action
Capcom Fighting Collection 2,Genre,Compilation
Capcom Fighting Collection 2,Perspective,Side view
Capcom Fighting Collection 2,Gameplay,Fighting
Capcom Fighting Collection 2,Interface,Direct control
Anonymous;Code,Genre,Adventure
Anonymous;Code,Perspective,1st-person
Anonymous;Code,Visual,Fixed / flip-screen
Anonymous;Code,Art,Anime / Manga
Anonymous;Code,Gameplay,Visual novel
Anonymous;Code,Interface,Point and select
Anonymous;Code,Setting,Fantasy
Anonymous;Code,Setting,Japan (Modern/Futuristic)
Anonymous;Code,Narrative,Crime
Anonymous;Code,Narrative,Detective / mystery
8-Bit Adventures 2,Genre,Role-playing (RPG)
8-Bit Adventures 2,Perspective,1st-person
8-Bit Adventures 2,Perspective,Top-down
8-Bit Adventures 2,Pacing,Turn-based
8-Bit Adventures 2,Setting,Fantasy
Unpacking,Genre,Puzzle
Unpacking,Genre,Simulation
Unpacking,Perspective,Diagonal-down
Unpacking,Visual,Free camera
Unpacking,Pacing,Meditative / Zen
Unpacking,Interface,Point and select
Unpacking,Setting,Contemporary
Marvel Spider-Man: Miles Morales,Genre,Action
Marvel Spider-Man: Miles Morales,Perspective,Behind view
Marvel Spider-Man: Miles Morales,Gameplay,Quick Time Events (QTEs)
Marvel Spider-Man: Miles Morales,Gameplay,Sandbox / open world
Marvel Spider-Man: Miles Morales,Gameplay,Stealth
Marvel Spider-Man: Miles Morales,Interface,Direct control
Marvel Spider-Man: Miles Morales,Setting,Fantasy
Marvel Spider-Man: Miles Morales,Setting,North America
Marvel Spider-Man: Miles Morales,Misc,Licensed
Battlefield 6,Genre,Action
Battlefield 6,Perspective,1st-person
Battlefield 6,Gameplay,Shooter
Battlefield 6,Interface,Direct control
Battlefield 6,Vehicular,Flight / aviation
Battlefield 6,Vehicular,Helicopter
Battlefield 6,Vehicular,Tank
Battlefield 6,Setting,Contemporary
Kill Knight,Genre,Action
Kill Knight,Perspective,Diagonal-down
Kill Knight,Visual,2D scrolling
Kill Knight,Gameplay,Shooter
Kill Knight,Interface,Direct control
Kill Knight,Setting,Fantasy
Guilty Gear: Strive,Genre,Action
Guilty Gear: Strive,Perspective,Side view
Guilty Gear: Strive,Visual,2D scrolling
Guilty Gear: Strive,Art,Anime / Manga
Guilty Gear: Strive,Gameplay,Fighting
Guilty Gear: Strive,Interface,Direct control
Crash Bandicoot 4: It's About Time,Genre,Action
Crash Bandicoot 4: It's About Time,Perspective,3rd-person (Other)
Crash Bandicoot 4: It's About Time,Gameplay,Platform
Crash Bandicoot 4: It's About Time,Interface,Direct control
Crash Bandicoot 4: It's About Time,Setting,Fantasy
Gradius: Origins,Genre,Action
Gradius: Origins,Perspective,Side view
Gradius: Origins,Visual,2D scrolling
Gradius: Origins,Gameplay,Shooter
Gradius: Origins,Interface,Direct control
Gradius: Origins,Vehicular,Space flight
Gradius: Origins,Setting,Sci-fi / futuristic
Love 3,Genre,Action
Love 3,Perspective,Side view
Love 3,Visual,2D scrolling
Love 3,Gameplay,Platform
Nioh 2: Complete Edition,Genre,Compilation
Nioh 2: Complete Edition,Genre,Role-playing (RPG)
Nioh 2: Complete Edition,Perspective,Behind view
Nioh 2: Complete Edition,Gameplay,Action RPG
Nioh 2: Complete Edition,Gameplay,Hack and slash
Nioh 2: Complete Edition,Interface,Direct control
Nioh 2: Complete Edition,Setting,Fantasy
Nioh 2: Complete Edition,Setting,Japan (Ancient/Classical/Medieval)
Tevi,Genre,Action
Tevi,Perspective,Side view
Tevi,Visual,2D scrolling
Tevi,Art,Anime / Manga
Tevi,Gameplay,Metroidvania
Tevi,Interface,Direct control
Tevi,Setting,Fantasy
Travellers Rest,Genre,Simulation
Travellers Rest,Perspective,Diagonal-down
Travellers Rest,Visual,2D scrolling
Travellers Rest,Gameplay,Life / social simulation
Travellers Rest,Interface,Direct control
Vendetta Forever,Genre,Action
Vendetta Forever,Perspective,1st-person
Vendetta Forever,Gameplay,Puzzle elements
Vendetta Forever,Gameplay,Shooter
Vendetta Forever,Interface,Motion control
Hrot,Genre,Action
Hrot,Perspective,1st-person
Hrot,Gameplay,Shooter
Hrot,Interface,Direct control
Hrot,Setting,Alternate history
Hrot,Setting,Europe
Hrot,Setting,Fantasy
Hrot,Setting,Post-apocalyptic
Death's Door,Genre,Role-playing (RPG)
Death's Door,Perspective,Diagonal-down
Death's Door,Visual,2D scrolling
Death's Door,Gameplay,Action RPG
Death's Door,Gameplay,Hack and slash
Death's Door,Gameplay,Metroidvania
Death's Door,Interface,Direct control
Death's Door,Setting,Fantasy
Age of Wonders 4,Genre,Strategy / tactics
Age of Wonders 4,Perspective,Diagonal-down
Age of Wonders 4,Visual,Free camera
Age of Wonders 4,Pacing,Turn-based
Age of Wonders 4,Gameplay,4X
Age of Wonders 4,Gameplay,Turn-based strategy (TBS)
Age of Wonders 4,Interface,Multiple units/characters control
Age of Wonders 4,Interface,Point and select
Age of Wonders 4,Setting,Fantasy
Bayonetta 3,Genre,Action
Bayonetta 3,Perspective,Behind view
Bayonetta 3,Gameplay,Hack and slash
Bayonetta 3,Interface,Direct control
Bayonetta 3,Setting,Fantasy
The Darkest Files,Genre,Adventure
The Darkest Files,Perspective,1st-person
The Darkest Files,Gameplay,Puzzle elements
The Darkest Files,Interface,Direct control
The Darkest Files,Setting,Cold War
The Darkest Files,Setting,Europe
The Darkest Files,Narrative,Detective / mystery
Party Animals,Genre,Action
Party Animals,Perspective,3rd-person (Other)
Party Animals,Gameplay,Party game
Party Animals,Gameplay,Platform
Party Animals,Interface,Direct control
Party Animals,Setting,Fantasy
Hell Clock,Genre,Role-playing (RPG)
Hell Clock,Perspective,Diagonal-down
Hell Clock,Visual,2D scrolling
Hell Clock,Gameplay,Action RPG
Hell Clock,Interface,Direct control
Hell Clock,Setting,Fantasy
Infernax,Genre,Action
Infernax,Perspective,Side view
Infernax,Visual,2D scrolling
Infernax,Gameplay,Metroidvania
Infernax,Gameplay,Platform
Infernax,Gameplay,RPG elements
Infernax,Interface,Direct control
Infernax,Setting,Fantasy
30XX,Genre,Action
30XX,Perspective,Side view
30XX,Gameplay,Platform
30XX,Gameplay,Roguelike
30XX,Gameplay,Shooter
30XX,Interface,Direct control
30XX,Setting,Sci-fi / futuristic
The Legend of Heroes: Trails into Reverie,Genre,Role-playing (RPG)
The Legend of Heroes: Trails into Reverie,Perspective,3rd-person (Other)
The Legend of Heroes: Trails into Reverie,Art,Anime / Manga
The Legend of Heroes: Trails into Reverie,Pacing,Turn-based
The Legend of Heroes: Trails into Reverie,Gameplay,Japanese-style RPG (JRPG)
The Legend of Heroes: Trails into Reverie,Setting,Fantasy
Hyper Light Drifter: Special Edition,Genre,Special edition
Hyper Light Drifter: Special Edition,Special Edition,Physical extras
Armored Core VI: Fires of Rubicon,Genre,Action
Armored Core VI: Fires of Rubicon,Perspective,Behind view
Armored Core VI: Fires of Rubicon,Gameplay,Shooter
Armored Core VI: Fires of Rubicon,Interface,Direct control
Armored Core VI: Fires of Rubicon,Vehicular,Mecha / giant robot
Armored Core VI: Fires of Rubicon,Setting,Sci-fi / futuristic
Pathfinder: Wrath of the Righteous,Genre,Role-playing (RPG)
Pathfinder: Wrath of the Righteous,Perspective,Diagonal-down
Pathfinder: Wrath of the Righteous,Pacing,Real-time
Pathfinder: Wrath of the Righteous,Pacing,Turn-based
Pathfinder: Wrath of the Righteous,Interface,Multiple units/characters control
Pathfinder: Wrath of the Righteous,Interface,Point and select
Pathfinder: Wrath of the Righteous,Setting,Fantasy
Pathfinder: Wrath of the Righteous,Misc,Licensed
Teenage Mutant Ninja Turtles: The Cowabunga Collection,Genre,Action
Teenage Mutant Ninja Turtles: The Cowabunga Collection,Genre,Compilation
Teenage Mutant Ninja Turtles: The Cowabunga Collection,Perspective,Side view
Teenage Mutant Ninja Turtles: The Cowabunga Collection,Visual,2D scrolling
Teenage Mutant Ninja Turtles: The Cowabunga Collection,Gameplay,Beat 'em up / brawler
Teenage Mutant Ninja Turtles: The Cowabunga Collection,Interface,Direct control
Teenage Mutant Ninja Turtles: The Cowabunga Collection,Setting,Fantasy
Teenage Mutant Ninja Turtles: The Cowabunga Collection,Narrative,Martial arts
Teenage Mutant Ninja Turtles: The Cowabunga Collection,Misc,Licensed
